1,2010,%28%EB%B6%88%ED%99%95%EC%8B%A4%EC%84%B1+OR+%EB%B6%88%ED%99%95%EC%8B%A4%29+AND+%28%EA%B2%BD%EC%A0%9C%EC%9D%98+OR+%EA%B2%BD%EC%A0%9C+OR+%EB%AC%B4%EC%97%AD+OR+%EC%83%81%EC%97%85%29+AND+%28%EC%A0%95%EB%B6%80+OR+%EC%B2%AD%EC%99%80%EB%8C%80+OR+%EA%B5%AD%ED%9A%8C+OR+%EB%8B%B9%EA%B5%AD+OR+%EC%A0%9C%EC%A0%95+OR+%EC%A0%9C%EC%A0%95%EB%B2%95+OR+%EC%9E%85%EB%B2%95+OR+%EC%A0%95%EC%B1%85+OR+%EB%B0%A9%EC%B9%A8+OR+%EC%8B%9C%EC%B1%85+OR+%EC%84%B8%EA%B8%88+OR+%EC%84%B8+OR+%EA%B7%9C%EC%A0%9C+OR+%ED%86%B5%EC%A0%9C+OR+%EA%B7%9C%EC%A0%95+OR+%ED%95%9C%EA%B5%AD%EC%9D%80%ED%96%89+OR+%ED%95%9C%EC%9D%80+OR+%EC%A4%91%EC%95%99%EC%9D%80%ED%96%89+OR+%EC%A0%81%EC%9E%90+OR+%EB%B6%80%EC%A1%B1+OR+WTO+OR+%EC%84%B8%EA%B3%84%EB%AC%B4%EC%97%AD%EA%B8%B0%EA%B5%AC+OR+%EB%B2%95+OR+%EB%B2%95%EC%95%88+OR+%EA%B8%B0%ED%9A%8D%EC%9E%AC%EC%A0%95%EB%B6%80+OR+%EA%B8%B0%EC%9E%AC%EB%B6%80%29,16
2,2010,%28%EB%B6%88%ED%99%95%EC%8B%A4%EC%84%B1+OR+%EB%B6%88%ED%99%95%EC%8B%A4%29+AND+%28%EA%B2%BD%EC%A0%9C%EC%9D%98+OR+%EA%B2%BD%EC%A0%9C+OR+%EB%AC%B4%EC%97%AD+OR+%EC%83%81%EC%97%85%29+AND+%28%EC%A0%95%EB%B6%80+OR+%EC%B2%AD%EC%99%80%EB%8C%80+OR+%EA%B5%AD%ED%9A%8C+OR+%EB%8B%B9%EA%B5%AD+OR+%EC%A0%9C%EC%A0%95+OR+%EC%A0%9C%EC%A0%95%EB%B2%95+OR+%EC%9E%85%EB%B2%95+OR+%EC%A0%95%EC%B1%85+OR+%EB%B0%A9%EC%B9%A8+OR+%EC%8B%9C%EC%B1%85+OR+%EC%84%B8%EA%B8%88+OR+%EC%84%B8+OR+%EA%B7%9C%EC%A0%9C+OR+%ED%86%B5%EC%A0%9C+OR+%EA%B7%9C%EC%A0%95+OR+%ED%95%9C%EA%B5%AD%EC%9D%80%ED%96%89+OR+%ED%95%9C%EC%9D%80+OR+%EC%A4%91%EC%95%99%EC%9D%80%ED%96%89+OR+%EC%A0%81%EC%9E%90+OR+%EB%B6%80%EC%A1%B1+OR+WTO+OR+%EC%84%B8%EA%B3%84%EB%AC%B4%EC%97%AD%EA%B8%B0%EA%B5%AC+OR+%EB%B2%95+OR+%EB%B2%95%EC%95%88+OR+%EA%B8%B0%ED%9A%8D%EC%9E%AC%EC%A0%95%EB%B6%80+OR+%EA%B8%B0%EC%9E%AC%EB%B6%80%29,16
3,2010,%28%EB%B6%88%ED%99%95%EC%8B%A4%EC%84%B1+OR+%EB%B6%88%ED%99%95%EC%8B%A4%29+AND+%28%EA%B2%BD%EC%A0%9C%EC%9D%98+OR+%EA%B2%BD%EC%A0%9C+OR+%EB%AC%B4%EC%97%AD+OR+%EC%83%81%EC%97%85%29+AND+%28%EC%A0%95%EB%B6%80+OR+%EC%B2%AD%EC%99%80%EB%8C%80+OR+%EA%B5%AD%ED%9A%8C+OR+%EB%8B%B9%EA%B5%AD+OR+%EC%A0%9C%EC%A0%95+OR+%EC%A0%9C%EC%A0%95%EB%B2%95+OR+%EC%9E%85%EB%B2%95+OR+%EC%A0%95%EC%B1%85+OR+%EB%B0%A9%EC%B9%A8+OR+%EC%8B%9C%EC%B1%85+OR+%EC%84%B8%EA%B8%88+OR+%EC%84%B8+OR+%EA%B7%9C%EC%A0%9C+OR+%ED%86%B5%EC%A0%9C+OR+%EA%B7%9C%EC%A0%95+OR+%ED%95%9C%EA%B5%AD%EC%9D%80%ED%96%89+OR+%ED%95%9C%EC%9D%80+OR+%EC%A4%91%EC%95%99%EC%9D%80%ED%96%89+OR+%EC%A0%81%EC%9E%90+OR+%EB%B6%80%EC%A1%B1+OR+WTO+OR+%EC%84%B8%EA%B3%84%EB%AC%B4%EC%97%AD%EA%B8%B0%EA%B5%AC+OR+%EB%B2%95+OR+%EB%B2%95%EC%95%88+OR+%EA%B8%B0%ED%9A%8D%EC%9E%AC%EC%A0%95%EB%B6%80+OR+%EA%B8%B0%EC%9E%AC%EB%B6%80%29,11
4,2010,%28%EB%B6%88%ED%99%95%EC%8B%A4%EC%84%B1+OR+%EB%B6%88%ED%99%95%EC%8B%A4%29+AND+%28%EA%B2%BD%EC%A0%9C%EC%9D%98+OR+%EA%B2%BD%EC%A0%9C+OR+%EB%AC%B4%EC%97%AD+OR+%EC%83%81%EC%97%85%29+AND+%28%EC%A0%95%EB%B6%80+OR+%EC%B2%AD%EC%99%80%EB%8C%80+OR+%EA%B5%AD%ED%9A%8C+OR+%EB%8B%B9%EA%B5%AD+OR+%EC%A0%9C%EC%A0%95+OR+%EC%A0%9C%EC%A0%95%EB%B2%95+OR+%EC%9E%85%EB%B2%95+OR+%EC%A0%95%EC%B1%85+OR+%EB%B0%A9%EC%B9%A8+OR+%EC%8B%9C%EC%B1%85+OR+%EC%84%B8%EA%B8%88+OR+%EC%84%B8+OR+%EA%B7%9C%EC%A0%9C+OR+%ED%86%B5%EC%A0%9C+OR+%EA%B7%9C%EC%A0%95+OR+%ED%95%9C%EA%B5%AD%EC%9D%80%ED%96%89+OR+%ED%95%9C%EC%9D%80+OR+%EC%A4%91%EC%95%99%EC%9D%80%ED%96%89+OR+%EC%A0%81%EC%9E%90+OR+%EB%B6%80%EC%A1%B1+OR+WTO+OR+%EC%84%B8%EA%B3%84%EB%AC%B4%EC%97%AD%EA%B8%B0%EA%B5%AC+OR+%EB%B2%95+OR+%EB%B2%95%EC%95%88+OR+%EA%B8%B0%ED%9A%8D%EC%9E%AC%EC%A0%95%EB%B6%80+OR+%EA%B8%B0%EC%9E%AC%EB%B6%80%29,17
5,2010,%28%EB%B6%88%ED%99%95%EC%8B%A4%EC%84%B1+OR+%EB%B6%88%ED%99%95%EC%8B%A4%29+AND+%28%EA%B2%BD%EC%A0%9C%EC%9D%98+OR+%EA%B2%BD%EC%A0%9C+OR+%EB%AC%B4%EC%97%AD+OR+%EC%83%81%EC%97%85%29+AND+%28%EC%A0%95%EB%B6%80+OR+%EC%B2%AD%EC%99%80%EB%8C%80+OR+%EA%B5%AD%ED%9A%8C+OR+%EB%8B%B9%EA%B5%AD+OR+%EC%A0%9C%EC%A0%95+OR+%EC%A0%9C%EC%A0%95%EB%B2%95+OR+%EC%9E%85%EB%B2%95+OR+%EC%A0%95%EC%B1%85+OR+%EB%B0%A9%EC%B9%A8+OR+%EC%8B%9C%EC%B1%85+OR+%EC%84%B8%EA%B8%88+OR+%EC%84%B8+OR+%EA%B7%9C%EC%A0%9C+OR+%ED%86%B5%EC%A0%9C+OR+%EA%B7%9C%EC%A0%95+OR+%ED%95%9C%EA%B5%AD%EC%9D%80%ED%96%89+OR+%ED%95%9C%EC%9D%80+OR+%EC%A4%91%EC%95%99%EC%9D%80%ED%96%89+OR+%EC%A0%81%EC%9E%90+OR+%EB%B6%80%EC%A1%B1+OR+WTO+OR+%EC%84%B8%EA%B3%84%EB%AC%B4%EC%97%AD%EA%B8%B0%EA%B5%AC+OR+%EB%B2%95+OR+%EB%B2%95%EC%95%88+OR+%EA%B8%B0%ED%9A%8D%EC%9E%AC%EC%A0%95%EB%B6%80+OR+%EA%B8%B0%EC%9E%AC%EB%B6%80%29,16
6,2010,%28%EB%B6%88%ED%99%95%EC%8B%A4%EC%84%B1+OR+%EB%B6%88%ED%99%95%EC%8B%A4%29+AND+%28%EA%B2%BD%EC%A0%9C%EC%9D%98+OR+%EA%B2%BD%EC%A0%9C+OR+%EB%AC%B4%EC%97%AD+OR+%EC%83%81%EC%97%85%29+AND+%28%EC%A0%95%EB%B6%80+OR+%EC%B2%AD%EC%99%80%EB%8C%80+OR+%EA%B5%AD%ED%9A%8C+OR+%EB%8B%B9%EA%B5%AD+OR+%EC%A0%9C%EC%A0%95+OR+%EC%A0%9C%EC%A0%95%EB%B2%95+OR+%EC%9E%85%EB%B2%95+OR+%EC%A0%95%EC%B1%85+OR+%EB%B0%A9%EC%B9%A8+OR+%EC%8B%9C%EC%B1%85+OR+%EC%84%B8%EA%B8%88+OR+%EC%84%B8+OR+%EA%B7%9C%EC%A0%9C+OR+%ED%86%B5%EC%A0%9C+OR+%EA%B7%9C%EC%A0%95+OR+%ED%95%9C%EA%B5%AD%EC%9D%80%ED%96%89+OR+%ED%95%9C%EC%9D%80+OR+%EC%A4%91%EC%95%99%EC%9D%80%ED%96%89+OR+%EC%A0%81%EC%9E%90+OR+%EB%B6%80%EC%A1%B1+OR+WTO+OR+%EC%84%B8%EA%B3%84%EB%AC%B4%EC%97%AD%EA%B8%B0%EA%B5%AC+OR+%EB%B2%95+OR+%EB%B2%95%EC%95%88+OR+%EA%B8%B0%ED%9A%8D%EC%9E%AC%EC%A0%95%EB%B6%80+OR+%EA%B8%B0%EC%9E%AC%EB%B6%80%29,15
7,2010,%28%EB%B6%88%ED%99%95%EC%8B%A4%EC%84%B1+OR+%EB%B6%88%ED%99%95%EC%8B%A4%29+AND+%28%EA%B2%BD%EC%A0%9C%EC%9D%98+OR+%EA%B2%BD%EC%A0%9C+OR+%EB%AC%B4%EC%97%AD+OR+%EC%83%81%EC%97%85%29+AND+%28%EC%A0%95%EB%B6%80+OR+%EC%B2%AD%EC%99%80%EB%8C%80+OR+%EA%B5%AD%ED%9A%8C+OR+%EB%8B%B9%EA%B5%AD+OR+%EC%A0%9C%EC%A0%95+OR+%EC%A0%9C%EC%A0%95%EB%B2%95+OR+%EC%9E%85%EB%B2%95+OR+%EC%A0%95%EC%B1%85+OR+%EB%B0%A9%EC%B9%A8+OR+%EC%8B%9C%EC%B1%85+OR+%EC%84%B8%EA%B8%88+OR+%EC%84%B8+OR+%EA%B7%9C%EC%A0%9C+OR+%ED%86%B5%EC%A0%9C+OR+%EA%B7%9C%EC%A0%95+OR+%ED%95%9C%EA%B5%AD%EC%9D%80%ED%96%89+OR+%ED%95%9C%EC%9D%80+OR+%EC%A4%91%EC%95%99%EC%9D%80%ED%96%89+OR+%EC%A0%81%EC%9E%90+OR+%EB%B6%80%EC%A1%B1+OR+WTO+OR+%EC%84%B8%EA%B3%84%EB%AC%B4%EC%97%AD%EA%B8%B0%EA%B5%AC+OR+%EB%B2%95+OR+%EB%B2%95%EC%95%88+OR+%EA%B8%B0%ED%9A%8D%EC%9E%AC%EC%A0%95%EB%B6%80+OR+%EA%B8%B0%EC%9E%AC%EB%B6%80%29,13
8,2010,%28%EB%B6%88%ED%99%95%EC%8B%A4%EC%84%B1+OR+%EB%B6%88%ED%99%95%EC%8B%A4%29+AND+%28%EA%B2%BD%EC%A0%9C%EC%9D%98+OR+%EA%B2%BD%EC%A0%9C+OR+%EB%AC%B4%EC%97%AD+OR+%EC%83%81%EC%97%85%29+AND+%28%EC%A0%95%EB%B6%80+OR+%EC%B2%AD%EC%99%80%EB%8C%80+OR+%EA%B5%AD%ED%9A%8C+OR+%EB%8B%B9%EA%B5%AD+OR+%EC%A0%9C%EC%A0%95+OR+%EC%A0%9C%EC%A0%95%EB%B2%95+OR+%EC%9E%85%EB%B2%95+OR+%EC%A0%95%EC%B1%85+OR+%EB%B0%A9%EC%B9%A8+OR+%EC%8B%9C%EC%B1%85+OR+%EC%84%B8%EA%B8%88+OR+%EC%84%B8+OR+%EA%B7%9C%EC%A0%9C+OR+%ED%86%B5%EC%A0%9C+OR+%EA%B7%9C%EC%A0%95+OR+%ED%95%9C%EA%B5%AD%EC%9D%80%ED%96%89+OR+%ED%95%9C%EC%9D%80+OR+%EC%A4%91%EC%95%99%EC%9D%80%ED%96%89+OR+%EC%A0%81%EC%9E%90+OR+%EB%B6%80%EC%A1%B1+OR+WTO+OR+%EC%84%B8%EA%B3%84%EB%AC%B4%EC%97%AD%EA%B8%B0%EA%B5%AC+OR+%EB%B2%95+OR+%EB%B2%95%EC%95%88+OR+%EA%B8%B0%ED%9A%8D%EC%9E%AC%EC%A0%95%EB%B6%80+OR+%EA%B8%B0%EC%9E%AC%EB%B6%80%29,21
9,2010,%28%EB%B6%88%ED%99%95%EC%8B%A4%EC%84%B1+OR+%EB%B6%88%ED%99%95%EC%8B%A4%29+AND+%28%EA%B2%BD%EC%A0%9C%EC%9D%98+OR+%EA%B2%BD%EC%A0%9C+OR+%EB%AC%B4%EC%97%AD+OR+%EC%83%81%EC%97%85%29+AND+%28%EC%A0%95%EB%B6%80+OR+%EC%B2%AD%EC%99%80%EB%8C%80+OR+%EA%B5%AD%ED%9A%8C+OR+%EB%8B%B9%EA%B5%AD+OR+%EC%A0%9C%EC%A0%95+OR+%EC%A0%9C%EC%A0%95%EB%B2%95+OR+%EC%9E%85%EB%B2%95+OR+%EC%A0%95%EC%B1%85+OR+%EB%B0%A9%EC%B9%A8+OR+%EC%8B%9C%EC%B1%85+OR+%EC%84%B8%EA%B8%88+OR+%EC%84%B8+OR+%EA%B7%9C%EC%A0%9C+OR+%ED%86%B5%EC%A0%9C+OR+%EA%B7%9C%EC%A0%95+OR+%ED%95%9C%EA%B5%AD%EC%9D%80%ED%96%89+OR+%ED%95%9C%EC%9D%80+OR+%EC%A4%91%EC%95%99%EC%9D%80%ED%96%89+OR+%EC%A0%81%EC%9E%90+OR+%EB%B6%80%EC%A1%B1+OR+WTO+OR+%EC%84%B8%EA%B3%84%EB%AC%B4%EC%97%AD%EA%B8%B0%EA%B5%AC+OR+%EB%B2%95+OR+%EB%B2%95%EC%95%88+OR+%EA%B8%B0%ED%9A%8D%EC%9E%AC%EC%A0%95%EB%B6%80+OR+%EA%B8%B0%EC%9E%AC%EB%B6%80%29,11
10,2010,%28%EB%B6%88%ED%99%95%EC%8B%A4%EC%84%B1+OR+%EB%B6%88%ED%99%95%EC%8B%A4%29+AND+%28%EA%B2%BD%EC%A0%9C%EC%9D%98+OR+%EA%B2%BD%EC%A0%9C+OR+%EB%AC%B4%EC%97%AD+OR+%EC%83%81%EC%97%85%29+AND+%28%EC%A0%95%EB%B6%80+OR+%EC%B2%AD%EC%99%80%EB%8C%80+OR+%EA%B5%AD%ED%9A%8C+OR+%EB%8B%B9%EA%B5%AD+OR+%EC%A0%9C%EC%A0%95+OR+%EC%A0%9C%EC%A0%95%EB%B2%95+OR+%EC%9E%85%EB%B2%95+OR+%EC%A0%95%EC%B1%85+OR+%EB%B0%A9%EC%B9%A8+OR+%EC%8B%9C%EC%B1%85+OR+%EC%84%B8%EA%B8%88+OR+%EC%84%B8+OR+%EA%B7%9C%EC%A0%9C+OR+%ED%86%B5%EC%A0%9C+OR+%EA%B7%9C%EC%A0%95+OR+%ED%95%9C%EA%B5%AD%EC%9D%80%ED%96%89+OR+%ED%95%9C%EC%9D%80+OR+%EC%A4%91%EC%95%99%EC%9D%80%ED%96%89+OR+%EC%A0%81%EC%9E%90+OR+%EB%B6%80%EC%A1%B1+OR+WTO+OR+%EC%84%B8%EA%B3%84%EB%AC%B4%EC%97%AD%EA%B8%B0%EA%B5%AC+OR+%EB%B2%95+OR+%EB%B2%95%EC%95%88+OR+%EA%B8%B0%ED%9A%8D%EC%9E%AC%EC%A0%95%EB%B6%80+OR+%EA%B8%B0%EC%9E%AC%EB%B6%80%29,24
11,2010,%28%EB%B6%88%ED%99%95%EC%8B%A4%EC%84%B1+OR+%EB%B6%88%ED%99%95%EC%8B%A4%29+AND+%28%EA%B2%BD%EC%A0%9C%EC%9D%98+OR+%EA%B2%BD%EC%A0%9C+OR+%EB%AC%B4%EC%97%AD+OR+%EC%83%81%EC%97%85%29+AND+%28%EC%A0%95%EB%B6%80+OR+%EC%B2%AD%EC%99%80%EB%8C%80+OR+%EA%B5%AD%ED%9A%8C+OR+%EB%8B%B9%EA%B5%AD+OR+%EC%A0%9C%EC%A0%95+OR+%EC%A0%9C%EC%A0%95%EB%B2%95+OR+%EC%9E%85%EB%B2%95+OR+%EC%A0%95%EC%B1%85+OR+%EB%B0%A9%EC%B9%A8+OR+%EC%8B%9C%EC%B1%85+OR+%EC%84%B8%EA%B8%88+OR+%EC%84%B8+OR+%EA%B7%9C%EC%A0%9C+OR+%ED%86%B5%EC%A0%9C+OR+%EA%B7%9C%EC%A0%95+OR+%ED%95%9C%EA%B5%AD%EC%9D%80%ED%96%89+OR+%ED%95%9C%EC%9D%80+OR+%EC%A4%91%EC%95%99%EC%9D%80%ED%96%89+OR+%EC%A0%81%EC%9E%90+OR+%EB%B6%80%EC%A1%B1+OR+WTO+OR+%EC%84%B8%EA%B3%84%EB%AC%B4%EC%97%AD%EA%B8%B0%EA%B5%AC+OR+%EB%B2%95+OR+%EB%B2%95%EC%95%88+OR+%EA%B8%B0%ED%9A%8D%EC%9E%AC%EC%A0%95%EB%B6%80+OR+%EA%B8%B0%EC%9E%AC%EB%B6%80%29,21
12,2010,%28%EB%B6%88%ED%99%95%EC%8B%A4%EC%84%B1+OR+%EB%B6%88%ED%99%95%EC%8B%A4%29+AND+%28%EA%B2%BD%EC%A0%9C%EC%9D%98+OR+%EA%B2%BD%EC%A0%9C+OR+%EB%AC%B4%EC%97%AD+OR+%EC%83%81%EC%97%85%29+AND+%28%EC%A0%95%EB%B6%80+OR+%EC%B2%AD%EC%99%80%EB%8C%80+OR+%EA%B5%AD%ED%9A%8C+OR+%EB%8B%B9%EA%B5%AD+OR+%EC%A0%9C%EC%A0%95+OR+%EC%A0%9C%EC%A0%95%EB%B2%95+OR+%EC%9E%85%EB%B2%95+OR+%EC%A0%95%EC%B1%85+OR+%EB%B0%A9%EC%B9%A8+OR+%EC%8B%9C%EC%B1%85+OR+%EC%84%B8%EA%B8%88+OR+%EC%84%B8+OR+%EA%B7%9C%EC%A0%9C+OR+%ED%86%B5%EC%A0%9C+OR+%EA%B7%9C%EC%A0%95+OR+%ED%95%9C%EA%B5%AD%EC%9D%80%ED%96%89+OR+%ED%95%9C%EC%9D%80+OR+%EC%A4%91%EC%95%99%EC%9D%80%ED%96%89+OR+%EC%A0%81%EC%9E%90+OR+%EB%B6%80%EC%A1%B1+OR+WTO+OR+%EC%84%B8%EA%B3%84%EB%AC%B4%EC%97%AD%EA%B8%B0%EA%B5%AC+OR+%EB%B2%95+OR+%EB%B2%95%EC%95%88+OR+%EA%B8%B0%ED%9A%8D%EC%9E%AC%EC%A0%95%EB%B6%80+OR+%EA%B8%B0%EC%9E%AC%EB%B6%80%29,20
1,2011,%28%EB%B6%88%ED%99%95%EC%8B%A4%EC%84%B1+OR+%EB%B6%88%ED%99%95%EC%8B%A4%29+AND+%28%EA%B2%BD%EC%A0%9C%EC%9D%98+OR+%EA%B2%BD%EC%A0%9C+OR+%EB%AC%B4%EC%97%AD+OR+%EC%83%81%EC%97%85%29+AND+%28%EC%A0%95%EB%B6%80+OR+%EC%B2%AD%EC%99%80%EB%8C%80+OR+%EA%B5%AD%ED%9A%8C+OR+%EB%8B%B9%EA%B5%AD+OR+%EC%A0%9C%EC%A0%95+OR+%EC%A0%9C%EC%A0%95%EB%B2%95+OR+%EC%9E%85%EB%B2%95+OR+%EC%A0%95%EC%B1%85+OR+%EB%B0%A9%EC%B9%A8+OR+%EC%8B%9C%EC%B1%85+OR+%EC%84%B8%EA%B8%88+OR+%EC%84%B8+OR+%EA%B7%9C%EC%A0%9C+OR+%ED%86%B5%EC%A0%9C+OR+%EA%B7%9C%EC%A0%95+OR+%ED%95%9C%EA%B5%AD%EC%9D%80%ED%96%89+OR+%ED%95%9C%EC%9D%80+OR+%EC%A4%91%EC%95%99%EC%9D%80%ED%96%89+OR+%EC%A0%81%EC%9E%90+OR+%EB%B6%80%EC%A1%B1+OR+WTO+OR+%EC%84%B8%EA%B3%84%EB%AC%B4%EC%97%AD%EA%B8%B0%EA%B5%AC+OR+%EB%B2%95+OR+%EB%B2%95%EC%95%88+OR+%EA%B8%B0%ED%9A%8D%EC%9E%AC%EC%A0%95%EB%B6%80+OR+%EA%B8%B0%EC%9E%AC%EB%B6%80%29,16
2,2011,%28%EB%B6%88%ED%99%95%EC%8B%A4%EC%84%B1+OR+%EB%B6%88%ED%99%95%EC%8B%A4%29+AND+%28%EA%B2%BD%EC%A0%9C%EC%9D%98+OR+%EA%B2%BD%EC%A0%9C+OR+%EB%AC%B4%EC%97%AD+OR+%EC%83%81%EC%97%85%29+AND+%28%EC%A0%95%EB%B6%80+OR+%EC%B2%AD%EC%99%80%EB%8C%80+OR+%EA%B5%AD%ED%9A%8C+OR+%EB%8B%B9%EA%B5%AD+OR+%EC%A0%9C%EC%A0%95+OR+%EC%A0%9C%EC%A0%95%EB%B2%95+OR+%EC%9E%85%EB%B2%95+OR+%EC%A0%95%EC%B1%85+OR+%EB%B0%A9%EC%B9%A8+OR+%EC%8B%9C%EC%B1%85+OR+%EC%84%B8%EA%B8%88+OR+%EC%84%B8+OR+%EA%B7%9C%EC%A0%9C+OR+%ED%86%B5%EC%A0%9C+OR+%EA%B7%9C%EC%A0%95+OR+%ED%95%9C%EA%B5%AD%EC%9D%80%ED%96%89+OR+%ED%95%9C%EC%9D%80+OR+%EC%A4%91%EC%95%99%EC%9D%80%ED%96%89+OR+%EC%A0%81%EC%9E%90+OR+%EB%B6%80%EC%A1%B1+OR+WTO+OR+%EC%84%B8%EA%B3%84%EB%AC%B4%EC%97%AD%EA%B8%B0%EA%B5%AC+OR+%EB%B2%95+OR+%EB%B2%95%EC%95%88+OR+%EA%B8%B0%ED%9A%8D%EC%9E%AC%EC%A0%95%EB%B6%80+OR+%EA%B8%B0%EC%9E%AC%EB%B6%80%29,10
3,2011,%28%EB%B6%88%ED%99%95%EC%8B%A4%EC%84%B1+OR+%EB%B6%88%ED%99%95%EC%8B%A4%29+AND+%28%EA%B2%BD%EC%A0%9C%EC%9D%98+OR+%EA%B2%BD%EC%A0%9C+OR+%EB%AC%B4%EC%97%AD+OR+%EC%83%81%EC%97%85%29+AND+%28%EC%A0%95%EB%B6%80+OR+%EC%B2%AD%EC%99%80%EB%8C%80+OR+%EA%B5%AD%ED%9A%8C+OR+%EB%8B%B9%EA%B5%AD+OR+%EC%A0%9C%EC%A0%95+OR+%EC%A0%9C%EC%A0%95%EB%B2%95+OR+%EC%9E%85%EB%B2%95+OR+%EC%A0%95%EC%B1%85+OR+%EB%B0%A9%EC%B9%A8+OR+%EC%8B%9C%EC%B1%85+OR+%EC%84%B8%EA%B8%88+OR+%EC%84%B8+OR+%EA%B7%9C%EC%A0%9C+OR+%ED%86%B5%EC%A0%9C+OR+%EA%B7%9C%EC%A0%95+OR+%ED%95%9C%EA%B5%AD%EC%9D%80%ED%96%89+OR+%ED%95%9C%EC%9D%80+OR+%EC%A4%91%EC%95%99%EC%9D%80%ED%96%89+OR+%EC%A0%81%EC%9E%90+OR+%EB%B6%80%EC%A1%B1+OR+WTO+OR+%EC%84%B8%EA%B3%84%EB%AC%B4%EC%97%AD%EA%B8%B0%EA%B5%AC+OR+%EB%B2%95+OR+%EB%B2%95%EC%95%88+OR+%EA%B8%B0%ED%9A%8D%EC%9E%AC%EC%A0%95%EB%B6%80+OR+%EA%B8%B0%EC%9E%AC%EB%B6%80%29,22
4,2011,%28%EB%B6%88%ED%99%95%EC%8B%A4%EC%84%B1+OR+%EB%B6%88%ED%99%95%EC%8B%A4%29+AND+%28%EA%B2%BD%EC%A0%9C%EC%9D%98+OR+%EA%B2%BD%EC%A0%9C+OR+%EB%AC%B4%EC%97%AD+OR+%EC%83%81%EC%97%85%29+AND+%28%EC%A0%95%EB%B6%80+OR+%EC%B2%AD%EC%99%80%EB%8C%80+OR+%EA%B5%AD%ED%9A%8C+OR+%EB%8B%B9%EA%B5%AD+OR+%EC%A0%9C%EC%A0%95+OR+%EC%A0%9C%EC%A0%95%EB%B2%95+OR+%EC%9E%85%EB%B2%95+OR+%EC%A0%95%EC%B1%85+OR+%EB%B0%A9%EC%B9%A8+OR+%EC%8B%9C%EC%B1%85+OR+%EC%84%B8%EA%B8%88+OR+%EC%84%B8+OR+%EA%B7%9C%EC%A0%9C+OR+%ED%86%B5%EC%A0%9C+OR+%EA%B7%9C%EC%A0%95+OR+%ED%95%9C%EA%B5%AD%EC%9D%80%ED%96%89+OR+%ED%95%9C%EC%9D%80+OR+%EC%A4%91%EC%95%99%EC%9D%80%ED%96%89+OR+%EC%A0%81%EC%9E%90+OR+%EB%B6%80%EC%A1%B1+OR+WTO+OR+%EC%84%B8%EA%B3%84%EB%AC%B4%EC%97%AD%EA%B8%B0%EA%B5%AC+OR+%EB%B2%95+OR+%EB%B2%95%EC%95%88+OR+%EA%B8%B0%ED%9A%8D%EC%9E%AC%EC%A0%95%EB%B6%80+OR+%EA%B8%B0%EC%9E%AC%EB%B6%80%29,17
5,2011,%28%EB%B6%88%ED%99%95%EC%8B%A4%EC%84%B1+OR+%EB%B6%88%ED%99%95%EC%8B%A4%29+AND+%28%EA%B2%BD%EC%A0%9C%EC%9D%98+OR+%EA%B2%BD%EC%A0%9C+OR+%EB%AC%B4%EC%97%AD+OR+%EC%83%81%EC%97%85%29+AND+%28%EC%A0%95%EB%B6%80+OR+%EC%B2%AD%EC%99%80%EB%8C%80+OR+%EA%B5%AD%ED%9A%8C+OR+%EB%8B%B9%EA%B5%AD+OR+%EC%A0%9C%EC%A0%95+OR+%EC%A0%9C%EC%A0%95%EB%B2%95+OR+%EC%9E%85%EB%B2%95+OR+%EC%A0%95%EC%B1%85+OR+%EB%B0%A9%EC%B9%A8+OR+%EC%8B%9C%EC%B1%85+OR+%EC%84%B8%EA%B8%88+OR+%EC%84%B8+OR+%EA%B7%9C%EC%A0%9C+OR+%ED%86%B5%EC%A0%9C+OR+%EA%B7%9C%EC%A0%95+OR+%ED%95%9C%EA%B5%AD%EC%9D%80%ED%96%89+OR+%ED%95%9C%EC%9D%80+OR+%EC%A4%91%EC%95%99%EC%9D%80%ED%96%89+OR+%EC%A0%81%EC%9E%90+OR+%EB%B6%80%EC%A1%B1+OR+WTO+OR+%EC%84%B8%EA%B3%84%EB%AC%B4%EC%97%AD%EA%B8%B0%EA%B5%AC+OR+%EB%B2%95+OR+%EB%B2%95%EC%95%88+OR+%EA%B8%B0%ED%9A%8D%EC%9E%AC%EC%A0%95%EB%B6%80+OR+%EA%B8%B0%EC%9E%AC%EB%B6%80%29,12
6,2011,%28%EB%B6%88%ED%99%95%EC%8B%A4%EC%84%B1+OR+%EB%B6%88%ED%99%95%EC%8B%A4%29+AND+%28%EA%B2%BD%EC%A0%9C%EC%9D%98+OR+%EA%B2%BD%EC%A0%9C+OR+%EB%AC%B4%EC%97%AD+OR+%EC%83%81%EC%97%85%29+AND+%28%EC%A0%95%EB%B6%80+OR+%EC%B2%AD%EC%99%80%EB%8C%80+OR+%EA%B5%AD%ED%9A%8C+OR+%EB%8B%B9%EA%B5%AD+OR+%EC%A0%9C%EC%A0%95+OR+%EC%A0%9C%EC%A0%95%EB%B2%95+OR+%EC%9E%85%EB%B2%95+OR+%EC%A0%95%EC%B1%85+OR+%EB%B0%A9%EC%B9%A8+OR+%EC%8B%9C%EC%B1%85+OR+%EC%84%B8%EA%B8%88+OR+%EC%84%B8+OR+%EA%B7%9C%EC%A0%9C+OR+%ED%86%B5%EC%A0%9C+OR+%EA%B7%9C%EC%A0%95+OR+%ED%95%9C%EA%B5%AD%EC%9D%80%ED%96%89+OR+%ED%95%9C%EC%9D%80+OR+%EC%A4%91%EC%95%99%EC%9D%80%ED%96%89+OR+%EC%A0%81%EC%9E%90+OR+%EB%B6%80%EC%A1%B1+OR+WTO+OR+%EC%84%B8%EA%B3%84%EB%AC%B4%EC%97%AD%EA%B8%B0%EA%B5%AC+OR+%EB%B2%95+OR+%EB%B2%95%EC%95%88+OR+%EA%B8%B0%ED%9A%8D%EC%9E%AC%EC%A0%95%EB%B6%80+OR+%EA%B8%B0%EC%9E%AC%EB%B6%80%29,16
7,2011,%28%EB%B6%88%ED%99%95%EC%8B%A4%EC%84%B1+OR+%EB%B6%88%ED%99%95%EC%8B%A4%29+AND+%28%EA%B2%BD%EC%A0%9C%EC%9D%98+OR+%EA%B2%BD%EC%A0%9C+OR+%EB%AC%B4%EC%97%AD+OR+%EC%83%81%EC%97%85%29+AND+%28%EC%A0%95%EB%B6%80+OR+%EC%B2%AD%EC%99%80%EB%8C%80+OR+%EA%B5%AD%ED%9A%8C+OR+%EB%8B%B9%EA%B5%AD+OR+%EC%A0%9C%EC%A0%95+OR+%EC%A0%9C%EC%A0%95%EB%B2%95+OR+%EC%9E%85%EB%B2%95+OR+%EC%A0%95%EC%B1%85+OR+%EB%B0%A9%EC%B9%A8+OR+%EC%8B%9C%EC%B1%85+OR+%EC%84%B8%EA%B8%88+OR+%EC%84%B8+OR+%EA%B7%9C%EC%A0%9C+OR+%ED%86%B5%EC%A0%9C+OR+%EA%B7%9C%EC%A0%95+OR+%ED%95%9C%EA%B5%AD%EC%9D%80%ED%96%89+OR+%ED%95%9C%EC%9D%80+OR+%EC%A4%91%EC%95%99%EC%9D%80%ED%96%89+OR+%EC%A0%81%EC%9E%90+OR+%EB%B6%80%EC%A1%B1+OR+WTO+OR+%EC%84%B8%EA%B3%84%EB%AC%B4%EC%97%AD%EA%B8%B0%EA%B5%AC+OR+%EB%B2%95+OR+%EB%B2%95%EC%95%88+OR+%EA%B8%B0%ED%9A%8D%EC%9E%AC%EC%A0%95%EB%B6%80+OR+%EA%B8%B0%EC%9E%AC%EB%B6%80%29,13
8,2011,%28%EB%B6%88%ED%99%95%EC%8B%A4%EC%84%B1+OR+%EB%B6%88%ED%99%95%EC%8B%A4%29+AND+%28%EA%B2%BD%EC%A0%9C%EC%9D%98+OR+%EA%B2%BD%EC%A0%9C+OR+%EB%AC%B4%EC%97%AD+OR+%EC%83%81%EC%97%85%29+AND+%28%EC%A0%95%EB%B6%80+OR+%EC%B2%AD%EC%99%80%EB%8C%80+OR+%EA%B5%AD%ED%9A%8C+OR+%EB%8B%B9%EA%B5%AD+OR+%EC%A0%9C%EC%A0%95+OR+%EC%A0%9C%EC%A0%95%EB%B2%95+OR+%EC%9E%85%EB%B2%95+OR+%EC%A0%95%EC%B1%85+OR+%EB%B0%A9%EC%B9%A8+OR+%EC%8B%9C%EC%B1%85+OR+%EC%84%B8%EA%B8%88+OR+%EC%84%B8+OR+%EA%B7%9C%EC%A0%9C+OR+%ED%86%B5%EC%A0%9C+OR+%EA%B7%9C%EC%A0%95+OR+%ED%95%9C%EA%B5%AD%EC%9D%80%ED%96%89+OR+%ED%95%9C%EC%9D%80+OR+%EC%A4%91%EC%95%99%EC%9D%80%ED%96%89+OR+%EC%A0%81%EC%9E%90+OR+%EB%B6%80%EC%A1%B1+OR+WTO+OR+%EC%84%B8%EA%B3%84%EB%AC%B4%EC%97%AD%EA%B8%B0%EA%B5%AC+OR+%EB%B2%95+OR+%EB%B2%95%EC%95%88+OR+%EA%B8%B0%ED%9A%8D%EC%9E%AC%EC%A0%95%EB%B6%80+OR+%EA%B8%B0%EC%9E%AC%EB%B6%80%29,16
9,2011,%28%EB%B6%88%ED%99%95%EC%8B%A4%EC%84%B1+OR+%EB%B6%88%ED%99%95%EC%8B%A4%29+AND+%28%EA%B2%BD%EC%A0%9C%EC%9D%98+OR+%EA%B2%BD%EC%A0%9C+OR+%EB%AC%B4%EC%97%AD+OR+%EC%83%81%EC%97%85%29+AND+%28%EC%A0%95%EB%B6%80+OR+%EC%B2%AD%EC%99%80%EB%8C%80+OR+%EA%B5%AD%ED%9A%8C+OR+%EB%8B%B9%EA%B5%AD+OR+%EC%A0%9C%EC%A0%95+OR+%EC%A0%9C%EC%A0%95%EB%B2%95+OR+%EC%9E%85%EB%B2%95+OR+%EC%A0%95%EC%B1%85+OR+%EB%B0%A9%EC%B9%A8+OR+%EC%8B%9C%EC%B1%85+OR+%EC%84%B8%EA%B8%88+OR+%EC%84%B8+OR+%EA%B7%9C%EC%A0%9C+OR+%ED%86%B5%EC%A0%9C+OR+%EA%B7%9C%EC%A0%95+OR+%ED%95%9C%EA%B5%AD%EC%9D%80%ED%96%89+OR+%ED%95%9C%EC%9D%80+OR+%EC%A4%91%EC%95%99%EC%9D%80%ED%96%89+OR+%EC%A0%81%EC%9E%90+OR+%EB%B6%80%EC%A1%B1+OR+WTO+OR+%EC%84%B8%EA%B3%84%EB%AC%B4%EC%97%AD%EA%B8%B0%EA%B5%AC+OR+%EB%B2%95+OR+%EB%B2%95%EC%95%88+OR+%EA%B8%B0%ED%9A%8D%EC%9E%AC%EC%A0%95%EB%B6%80+OR+%EA%B8%B0%EC%9E%AC%EB%B6%80%29,20
10,2011,%28%EB%B6%88%ED%99%95%EC%8B%A4%EC%84%B1+OR+%EB%B6%88%ED%99%95%EC%8B%A4%29+AND+%28%EA%B2%BD%EC%A0%9C%EC%9D%98+OR+%EA%B2%BD%EC%A0%9C+OR+%EB%AC%B4%EC%97%AD+OR+%EC%83%81%EC%97%85%29+AND+%28%EC%A0%95%EB%B6%80+OR+%EC%B2%AD%EC%99%80%EB%8C%80+OR+%EA%B5%AD%ED%9A%8C+OR+%EB%8B%B9%EA%B5%AD+OR+%EC%A0%9C%EC%A0%95+OR+%EC%A0%9C%EC%A0%95%EB%B2%95+OR+%EC%9E%85%EB%B2%95+OR+%EC%A0%95%EC%B1%85+OR+%EB%B0%A9%EC%B9%A8+OR+%EC%8B%9C%EC%B1%85+OR+%EC%84%B8%EA%B8%88+OR+%EC%84%B8+OR+%EA%B7%9C%EC%A0%9C+OR+%ED%86%B5%EC%A0%9C+OR+%EA%B7%9C%EC%A0%95+OR+%ED%95%9C%EA%B5%AD%EC%9D%80%ED%96%89+OR+%ED%95%9C%EC%9D%80+OR+%EC%A4%91%EC%95%99%EC%9D%80%ED%96%89+OR+%EC%A0%81%EC%9E%90+OR+%EB%B6%80%EC%A1%B1+OR+WTO+OR+%EC%84%B8%EA%B3%84%EB%AC%B4%EC%97%AD%EA%B8%B0%EA%B5%AC+OR+%EB%B2%95+OR+%EB%B2%95%EC%95%88+OR+%EA%B8%B0%ED%9A%8D%EC%9E%AC%EC%A0%95%EB%B6%80+OR+%EA%B8%B0%EC%9E%AC%EB%B6%80%29,13
11,2011,%28%EB%B6%88%ED%99%95%EC%8B%A4%EC%84%B1+OR+%EB%B6%88%ED%99%95%EC%8B%A4%29+AND+%28%EA%B2%BD%EC%A0%9C%EC%9D%98+OR+%EA%B2%BD%EC%A0%9C+OR+%EB%AC%B4%EC%97%AD+OR+%EC%83%81%EC%97%85%29+AND+%28%EC%A0%95%EB%B6%80+OR+%EC%B2%AD%EC%99%80%EB%8C%80+OR+%EA%B5%AD%ED%9A%8C+OR+%EB%8B%B9%EA%B5%AD+OR+%EC%A0%9C%EC%A0%95+OR+%EC%A0%9C%EC%A0%95%EB%B2%95+OR+%EC%9E%85%EB%B2%95+OR+%EC%A0%95%EC%B1%85+OR+%EB%B0%A9%EC%B9%A8+OR+%EC%8B%9C%EC%B1%85+OR+%EC%84%B8%EA%B8%88+OR+%EC%84%B8+OR+%EA%B7%9C%EC%A0%9C+OR+%ED%86%B5%EC%A0%9C+OR+%EA%B7%9C%EC%A0%95+OR+%ED%95%9C%EA%B5%AD%EC%9D%80%ED%96%89+OR+%ED%95%9C%EC%9D%80+OR+%EC%A4%91%EC%95%99%EC%9D%80%ED%96%89+OR+%EC%A0%81%EC%9E%90+OR+%EB%B6%80%EC%A1%B1+OR+WTO+OR+%EC%84%B8%EA%B3%84%EB%AC%B4%EC%97%AD%EA%B8%B0%EA%B5%AC+OR+%EB%B2%95+OR+%EB%B2%95%EC%95%88+OR+%EA%B8%B0%ED%9A%8D%EC%9E%AC%EC%A0%95%EB%B6%80+OR+%EA%B8%B0%EC%9E%AC%EB%B6%80%29,13
12,2011,%28%EB%B6%88%ED%99%95%EC%8B%A4%EC%84%B1+OR+%EB%B6%88%ED%99%95%EC%8B%A4%29+AND+%28%EA%B2%BD%EC%A0%9C%EC%9D%98+OR+%EA%B2%BD%EC%A0%9C+OR+%EB%AC%B4%EC%97%AD+OR+%EC%83%81%EC%97%85%29+AND+%28%EC%A0%95%EB%B6%80+OR+%EC%B2%AD%EC%99%80%EB%8C%80+OR+%EA%B5%AD%ED%9A%8C+OR+%EB%8B%B9%EA%B5%AD+OR+%EC%A0%9C%EC%A0%95+OR+%EC%A0%9C%EC%A0%95%EB%B2%95+OR+%EC%9E%85%EB%B2%95+OR+%EC%A0%95%EC%B1%85+OR+%EB%B0%A9%EC%B9%A8+OR+%EC%8B%9C%EC%B1%85+OR+%EC%84%B8%EA%B8%88+OR+%EC%84%B8+OR+%EA%B7%9C%EC%A0%9C+OR+%ED%86%B5%EC%A0%9C+OR+%EA%B7%9C%EC%A0%95+OR+%ED%95%9C%EA%B5%AD%EC%9D%80%ED%96%89+OR+%ED%95%9C%EC%9D%80+OR+%EC%A4%91%EC%95%99%EC%9D%80%ED%96%89+OR+%EC%A0%81%EC%9E%90+OR+%EB%B6%80%EC%A1%B1+OR+WTO+OR+%EC%84%B8%EA%B3%84%EB%AC%B4%EC%97%AD%EA%B8%B0%EA%B5%AC+OR+%EB%B2%95+OR+%EB%B2%95%EC%95%88+OR+%EA%B8%B0%ED%9A%8D%EC%9E%AC%EC%A0%95%EB%B6%80+OR+%EA%B8%B0%EC%9E%AC%EB%B6%80%29,42
1,2012,%28%EB%B6%88%ED%99%95%EC%8B%A4%EC%84%B1+OR+%EB%B6%88%ED%99%95%EC%8B%A4%29+AND+%28%EA%B2%BD%EC%A0%9C%EC%9D%98+OR+%EA%B2%BD%EC%A0%9C+OR+%EB%AC%B4%EC%97%AD+OR+%EC%83%81%EC%97%85%29+AND+%28%EC%A0%95%EB%B6%80+OR+%EC%B2%AD%EC%99%80%EB%8C%80+OR+%EA%B5%AD%ED%9A%8C+OR+%EB%8B%B9%EA%B5%AD+OR+%EC%A0%9C%EC%A0%95+OR+%EC%A0%9C%EC%A0%95%EB%B2%95+OR+%EC%9E%85%EB%B2%95+OR+%EC%A0%95%EC%B1%85+OR+%EB%B0%A9%EC%B9%A8+OR+%EC%8B%9C%EC%B1%85+OR+%EC%84%B8%EA%B8%88+OR+%EC%84%B8+OR+%EA%B7%9C%EC%A0%9C+OR+%ED%86%B5%EC%A0%9C+OR+%EA%B7%9C%EC%A0%95+OR+%ED%95%9C%EA%B5%AD%EC%9D%80%ED%96%89+OR+%ED%95%9C%EC%9D%80+OR+%EC%A4%91%EC%95%99%EC%9D%80%ED%96%89+OR+%EC%A0%81%EC%9E%90+OR+%EB%B6%80%EC%A1%B1+OR+WTO+OR+%EC%84%B8%EA%B3%84%EB%AC%B4%EC%97%AD%EA%B8%B0%EA%B5%AC+OR+%EB%B2%95+OR+%EB%B2%95%EC%95%88+OR+%EA%B8%B0%ED%9A%8D%EC%9E%AC%EC%A0%95%EB%B6%80+OR+%EA%B8%B0%EC%9E%AC%EB%B6%80%29,23
2,2012,%28%EB%B6%88%ED%99%95%EC%8B%A4%EC%84%B1+OR+%EB%B6%88%ED%99%95%EC%8B%A4%29+AND+%28%EA%B2%BD%EC%A0%9C%EC%9D%98+OR+%EA%B2%BD%EC%A0%9C+OR+%EB%AC%B4%EC%97%AD+OR+%EC%83%81%EC%97%85%29+AND+%28%EC%A0%95%EB%B6%80+OR+%EC%B2%AD%EC%99%80%EB%8C%80+OR+%EA%B5%AD%ED%9A%8C+OR+%EB%8B%B9%EA%B5%AD+OR+%EC%A0%9C%EC%A0%95+OR+%EC%A0%9C%EC%A0%95%EB%B2%95+OR+%EC%9E%85%EB%B2%95+OR+%EC%A0%95%EC%B1%85+OR+%EB%B0%A9%EC%B9%A8+OR+%EC%8B%9C%EC%B1%85+OR+%EC%84%B8%EA%B8%88+OR+%EC%84%B8+OR+%EA%B7%9C%EC%A0%9C+OR+%ED%86%B5%EC%A0%9C+OR+%EA%B7%9C%EC%A0%95+OR+%ED%95%9C%EA%B5%AD%EC%9D%80%ED%96%89+OR+%ED%95%9C%EC%9D%80+OR+%EC%A4%91%EC%95%99%EC%9D%80%ED%96%89+OR+%EC%A0%81%EC%9E%90+OR+%EB%B6%80%EC%A1%B1+OR+WTO+OR+%EC%84%B8%EA%B3%84%EB%AC%B4%EC%97%AD%EA%B8%B0%EA%B5%AC+OR+%EB%B2%95+OR+%EB%B2%95%EC%95%88+OR+%EA%B8%B0%ED%9A%8D%EC%9E%AC%EC%A0%95%EB%B6%80+OR+%EA%B8%B0%EC%9E%AC%EB%B6%80%29,8
3,2012,%28%EB%B6%88%ED%99%95%EC%8B%A4%EC%84%B1+OR+%EB%B6%88%ED%99%95%EC%8B%A4%29+AND+%28%EA%B2%BD%EC%A0%9C%EC%9D%98+OR+%EA%B2%BD%EC%A0%9C+OR+%EB%AC%B4%EC%97%AD+OR+%EC%83%81%EC%97%85%29+AND+%28%EC%A0%95%EB%B6%80+OR+%EC%B2%AD%EC%99%80%EB%8C%80+OR+%EA%B5%AD%ED%9A%8C+OR+%EB%8B%B9%EA%B5%AD+OR+%EC%A0%9C%EC%A0%95+OR+%EC%A0%9C%EC%A0%95%EB%B2%95+OR+%EC%9E%85%EB%B2%95+OR+%EC%A0%95%EC%B1%85+OR+%EB%B0%A9%EC%B9%A8+OR+%EC%8B%9C%EC%B1%85+OR+%EC%84%B8%EA%B8%88+OR+%EC%84%B8+OR+%EA%B7%9C%EC%A0%9C+OR+%ED%86%B5%EC%A0%9C+OR+%EA%B7%9C%EC%A0%95+OR+%ED%95%9C%EA%B5%AD%EC%9D%80%ED%96%89+OR+%ED%95%9C%EC%9D%80+OR+%EC%A4%91%EC%95%99%EC%9D%80%ED%96%89+OR+%EC%A0%81%EC%9E%90+OR+%EB%B6%80%EC%A1%B1+OR+WTO+OR+%EC%84%B8%EA%B3%84%EB%AC%B4%EC%97%AD%EA%B8%B0%EA%B5%AC+OR+%EB%B2%95+OR+%EB%B2%95%EC%95%88+OR+%EA%B8%B0%ED%9A%8D%EC%9E%AC%EC%A0%95%EB%B6%80+OR+%EA%B8%B0%EC%9E%AC%EB%B6%80%29,17
4,2012,%28%EB%B6%88%ED%99%95%EC%8B%A4%EC%84%B1+OR+%EB%B6%88%ED%99%95%EC%8B%A4%29+AND+%28%EA%B2%BD%EC%A0%9C%EC%9D%98+OR+%EA%B2%BD%EC%A0%9C+OR+%EB%AC%B4%EC%97%AD+OR+%EC%83%81%EC%97%85%29+AND+%28%EC%A0%95%EB%B6%80+OR+%EC%B2%AD%EC%99%80%EB%8C%80+OR+%EA%B5%AD%ED%9A%8C+OR+%EB%8B%B9%EA%B5%AD+OR+%EC%A0%9C%EC%A0%95+OR+%EC%A0%9C%EC%A0%95%EB%B2%95+OR+%EC%9E%85%EB%B2%95+OR+%EC%A0%95%EC%B1%85+OR+%EB%B0%A9%EC%B9%A8+OR+%EC%8B%9C%EC%B1%85+OR+%EC%84%B8%EA%B8%88+OR+%EC%84%B8+OR+%EA%B7%9C%EC%A0%9C+OR+%ED%86%B5%EC%A0%9C+OR+%EA%B7%9C%EC%A0%95+OR+%ED%95%9C%EA%B5%AD%EC%9D%80%ED%96%89+OR+%ED%95%9C%EC%9D%80+OR+%EC%A4%91%EC%95%99%EC%9D%80%ED%96%89+OR+%EC%A0%81%EC%9E%90+OR+%EB%B6%80%EC%A1%B1+OR+WTO+OR+%EC%84%B8%EA%B3%84%EB%AC%B4%EC%97%AD%EA%B8%B0%EA%B5%AC+OR+%EB%B2%95+OR+%EB%B2%95%EC%95%88+OR+%EA%B8%B0%ED%9A%8D%EC%9E%AC%EC%A0%95%EB%B6%80+OR+%EA%B8%B0%EC%9E%AC%EB%B6%80%29,14
5,2012,%28%EB%B6%88%ED%99%95%EC%8B%A4%EC%84%B1+OR+%EB%B6%88%ED%99%95%EC%8B%A4%29+AND+%28%EA%B2%BD%EC%A0%9C%EC%9D%98+OR+%EA%B2%BD%EC%A0%9C+OR+%EB%AC%B4%EC%97%AD+OR+%EC%83%81%EC%97%85%29+AND+%28%EC%A0%95%EB%B6%80+OR+%EC%B2%AD%EC%99%80%EB%8C%80+OR+%EA%B5%AD%ED%9A%8C+OR+%EB%8B%B9%EA%B5%AD+OR+%EC%A0%9C%EC%A0%95+OR+%EC%A0%9C%EC%A0%95%EB%B2%95+OR+%EC%9E%85%EB%B2%95+OR+%EC%A0%95%EC%B1%85+OR+%EB%B0%A9%EC%B9%A8+OR+%EC%8B%9C%EC%B1%85+OR+%EC%84%B8%EA%B8%88+OR+%EC%84%B8+OR+%EA%B7%9C%EC%A0%9C+OR+%ED%86%B5%EC%A0%9C+OR+%EA%B7%9C%EC%A0%95+OR+%ED%95%9C%EA%B5%AD%EC%9D%80%ED%96%89+OR+%ED%95%9C%EC%9D%80+OR+%EC%A4%91%EC%95%99%EC%9D%80%ED%96%89+OR+%EC%A0%81%EC%9E%90+OR+%EB%B6%80%EC%A1%B1+OR+WTO+OR+%EC%84%B8%EA%B3%84%EB%AC%B4%EC%97%AD%EA%B8%B0%EA%B5%AC+OR+%EB%B2%95+OR+%EB%B2%95%EC%95%88+OR+%EA%B8%B0%ED%9A%8D%EC%9E%AC%EC%A0%95%EB%B6%80+OR+%EA%B8%B0%EC%9E%AC%EB%B6%80%29,13
6,2012,%28%EB%B6%88%ED%99%95%EC%8B%A4%EC%84%B1+OR+%EB%B6%88%ED%99%95%EC%8B%A4%29+AND+%28%EA%B2%BD%EC%A0%9C%EC%9D%98+OR+%EA%B2%BD%EC%A0%9C+OR+%EB%AC%B4%EC%97%AD+OR+%EC%83%81%EC%97%85%29+AND+%28%EC%A0%95%EB%B6%80+OR+%EC%B2%AD%EC%99%80%EB%8C%80+OR+%EA%B5%AD%ED%9A%8C+OR+%EB%8B%B9%EA%B5%AD+OR+%EC%A0%9C%EC%A0%95+OR+%EC%A0%9C%EC%A0%95%EB%B2%95+OR+%EC%9E%85%EB%B2%95+OR+%EC%A0%95%EC%B1%85+OR+%EB%B0%A9%EC%B9%A8+OR+%EC%8B%9C%EC%B1%85+OR+%EC%84%B8%EA%B8%88+OR+%EC%84%B8+OR+%EA%B7%9C%EC%A0%9C+OR+%ED%86%B5%EC%A0%9C+OR+%EA%B7%9C%EC%A0%95+OR+%ED%95%9C%EA%B5%AD%EC%9D%80%ED%96%89+OR+%ED%95%9C%EC%9D%80+OR+%EC%A4%91%EC%95%99%EC%9D%80%ED%96%89+OR+%EC%A0%81%EC%9E%90+OR+%EB%B6%80%EC%A1%B1+OR+WTO+OR+%EC%84%B8%EA%B3%84%EB%AC%B4%EC%97%AD%EA%B8%B0%EA%B5%AC+OR+%EB%B2%95+OR+%EB%B2%95%EC%95%88+OR+%EA%B8%B0%ED%9A%8D%EC%9E%AC%EC%A0%95%EB%B6%80+OR+%EA%B8%B0%EC%9E%AC%EB%B6%80%29,28
7,2012,%28%EB%B6%88%ED%99%95%EC%8B%A4%EC%84%B1+OR+%EB%B6%88%ED%99%95%EC%8B%A4%29+AND+%28%EA%B2%BD%EC%A0%9C%EC%9D%98+OR+%EA%B2%BD%EC%A0%9C+OR+%EB%AC%B4%EC%97%AD+OR+%EC%83%81%EC%97%85%29+AND+%28%EC%A0%95%EB%B6%80+OR+%EC%B2%AD%EC%99%80%EB%8C%80+OR+%EA%B5%AD%ED%9A%8C+OR+%EB%8B%B9%EA%B5%AD+OR+%EC%A0%9C%EC%A0%95+OR+%EC%A0%9C%EC%A0%95%EB%B2%95+OR+%EC%9E%85%EB%B2%95+OR+%EC%A0%95%EC%B1%85+OR+%EB%B0%A9%EC%B9%A8+OR+%EC%8B%9C%EC%B1%85+OR+%EC%84%B8%EA%B8%88+OR+%EC%84%B8+OR+%EA%B7%9C%EC%A0%9C+OR+%ED%86%B5%EC%A0%9C+OR+%EA%B7%9C%EC%A0%95+OR+%ED%95%9C%EA%B5%AD%EC%9D%80%ED%96%89+OR+%ED%95%9C%EC%9D%80+OR+%EC%A4%91%EC%95%99%EC%9D%80%ED%96%89+OR+%EC%A0%81%EC%9E%90+OR+%EB%B6%80%EC%A1%B1+OR+WTO+OR+%EC%84%B8%EA%B3%84%EB%AC%B4%EC%97%AD%EA%B8%B0%EA%B5%AC+OR+%EB%B2%95+OR+%EB%B2%95%EC%95%88+OR+%EA%B8%B0%ED%9A%8D%EC%9E%AC%EC%A0%95%EB%B6%80+OR+%EA%B8%B0%EC%9E%AC%EB%B6%80%29,16
8,2012,%28%EB%B6%88%ED%99%95%EC%8B%A4%EC%84%B1+OR+%EB%B6%88%ED%99%95%EC%8B%A4%29+AND+%28%EA%B2%BD%EC%A0%9C%EC%9D%98+OR+%EA%B2%BD%EC%A0%9C+OR+%EB%AC%B4%EC%97%AD+OR+%EC%83%81%EC%97%85%29+AND+%28%EC%A0%95%EB%B6%80+OR+%EC%B2%AD%EC%99%80%EB%8C%80+OR+%EA%B5%AD%ED%9A%8C+OR+%EB%8B%B9%EA%B5%AD+OR+%EC%A0%9C%EC%A0%95+OR+%EC%A0%9C%EC%A0%95%EB%B2%95+OR+%EC%9E%85%EB%B2%95+OR+%EC%A0%95%EC%B1%85+OR+%EB%B0%A9%EC%B9%A8+OR+%EC%8B%9C%EC%B1%85+OR+%EC%84%B8%EA%B8%88+OR+%EC%84%B8+OR+%EA%B7%9C%EC%A0%9C+OR+%ED%86%B5%EC%A0%9C+OR+%EA%B7%9C%EC%A0%95+OR+%ED%95%9C%EA%B5%AD%EC%9D%80%ED%96%89+OR+%ED%95%9C%EC%9D%80+OR+%EC%A4%91%EC%95%99%EC%9D%80%ED%96%89+OR+%EC%A0%81%EC%9E%90+OR+%EB%B6%80%EC%A1%B1+OR+WTO+OR+%EC%84%B8%EA%B3%84%EB%AC%B4%EC%97%AD%EA%B8%B0%EA%B5%AC+OR+%EB%B2%95+OR+%EB%B2%95%EC%95%88+OR+%EA%B8%B0%ED%9A%8D%EC%9E%AC%EC%A0%95%EB%B6%80+OR+%EA%B8%B0%EC%9E%AC%EB%B6%80%29,6
9,2012,%28%EB%B6%88%ED%99%95%EC%8B%A4%EC%84%B1+OR+%EB%B6%88%ED%99%95%EC%8B%A4%29+AND+%28%EA%B2%BD%EC%A0%9C%EC%9D%98+OR+%EA%B2%BD%EC%A0%9C+OR+%EB%AC%B4%EC%97%AD+OR+%EC%83%81%EC%97%85%29+AND+%28%EC%A0%95%EB%B6%80+OR+%EC%B2%AD%EC%99%80%EB%8C%80+OR+%EA%B5%AD%ED%9A%8C+OR+%EB%8B%B9%EA%B5%AD+OR+%EC%A0%9C%EC%A0%95+OR+%EC%A0%9C%EC%A0%95%EB%B2%95+OR+%EC%9E%85%EB%B2%95+OR+%EC%A0%95%EC%B1%85+OR+%EB%B0%A9%EC%B9%A8+OR+%EC%8B%9C%EC%B1%85+OR+%EC%84%B8%EA%B8%88+OR+%EC%84%B8+OR+%EA%B7%9C%EC%A0%9C+OR+%ED%86%B5%EC%A0%9C+OR+%EA%B7%9C%EC%A0%95+OR+%ED%95%9C%EA%B5%AD%EC%9D%80%ED%96%89+OR+%ED%95%9C%EC%9D%80+OR+%EC%A4%91%EC%95%99%EC%9D%80%ED%96%89+OR+%EC%A0%81%EC%9E%90+OR+%EB%B6%80%EC%A1%B1+OR+WTO+OR+%EC%84%B8%EA%B3%84%EB%AC%B4%EC%97%AD%EA%B8%B0%EA%B5%AC+OR+%EB%B2%95+OR+%EB%B2%95%EC%95%88+OR+%EA%B8%B0%ED%9A%8D%EC%9E%AC%EC%A0%95%EB%B6%80+OR+%EA%B8%B0%EC%9E%AC%EB%B6%80%29,14
10,2012,%28%EB%B6%88%ED%99%95%EC%8B%A4%EC%84%B1+OR+%EB%B6%88%ED%99%95%EC%8B%A4%29+AND+%28%EA%B2%BD%EC%A0%9C%EC%9D%98+OR+%EA%B2%BD%EC%A0%9C+OR+%EB%AC%B4%EC%97%AD+OR+%EC%83%81%EC%97%85%29+AND+%28%EC%A0%95%EB%B6%80+OR+%EC%B2%AD%EC%99%80%EB%8C%80+OR+%EA%B5%AD%ED%9A%8C+OR+%EB%8B%B9%EA%B5%AD+OR+%EC%A0%9C%EC%A0%95+OR+%EC%A0%9C%EC%A0%95%EB%B2%95+OR+%EC%9E%85%EB%B2%95+OR+%EC%A0%95%EC%B1%85+OR+%EB%B0%A9%EC%B9%A8+OR+%EC%8B%9C%EC%B1%85+OR+%EC%84%B8%EA%B8%88+OR+%EC%84%B8+OR+%EA%B7%9C%EC%A0%9C+OR+%ED%86%B5%EC%A0%9C+OR+%EA%B7%9C%EC%A0%95+OR+%ED%95%9C%EA%B5%AD%EC%9D%80%ED%96%89+OR+%ED%95%9C%EC%9D%80+OR+%EC%A4%91%EC%95%99%EC%9D%80%ED%96%89+OR+%EC%A0%81%EC%9E%90+OR+%EB%B6%80%EC%A1%B1+OR+WTO+OR+%EC%84%B8%EA%B3%84%EB%AC%B4%EC%97%AD%EA%B8%B0%EA%B5%AC+OR+%EB%B2%95+OR+%EB%B2%95%EC%95%88+OR+%EA%B8%B0%ED%9A%8D%EC%9E%AC%EC%A0%95%EB%B6%80+OR+%EA%B8%B0%EC%9E%AC%EB%B6%80%29,13
11,2012,%28%EB%B6%88%ED%99%95%EC%8B%A4%EC%84%B1+OR+%EB%B6%88%ED%99%95%EC%8B%A4%29+AND+%28%EA%B2%BD%EC%A0%9C%EC%9D%98+OR+%EA%B2%BD%EC%A0%9C+OR+%EB%AC%B4%EC%97%AD+OR+%EC%83%81%EC%97%85%29+AND+%28%EC%A0%95%EB%B6%80+OR+%EC%B2%AD%EC%99%80%EB%8C%80+OR+%EA%B5%AD%ED%9A%8C+OR+%EB%8B%B9%EA%B5%AD+OR+%EC%A0%9C%EC%A0%95+OR+%EC%A0%9C%EC%A0%95%EB%B2%95+OR+%EC%9E%85%EB%B2%95+OR+%EC%A0%95%EC%B1%85+OR+%EB%B0%A9%EC%B9%A8+OR+%EC%8B%9C%EC%B1%85+OR+%EC%84%B8%EA%B8%88+OR+%EC%84%B8+OR+%EA%B7%9C%EC%A0%9C+OR+%ED%86%B5%EC%A0%9C+OR+%EA%B7%9C%EC%A0%95+OR+%ED%95%9C%EA%B5%AD%EC%9D%80%ED%96%89+OR+%ED%95%9C%EC%9D%80+OR+%EC%A4%91%EC%95%99%EC%9D%80%ED%96%89+OR+%EC%A0%81%EC%9E%90+OR+%EB%B6%80%EC%A1%B1+OR+WTO+OR+%EC%84%B8%EA%B3%84%EB%AC%B4%EC%97%AD%EA%B8%B0%EA%B5%AC+OR+%EB%B2%95+OR+%EB%B2%95%EC%95%88+OR+%EA%B8%B0%ED%9A%8D%EC%9E%AC%EC%A0%95%EB%B6%80+OR+%EA%B8%B0%EC%9E%AC%EB%B6%80%29,25
12,2012,%28%EB%B6%88%ED%99%95%EC%8B%A4%EC%84%B1+OR+%EB%B6%88%ED%99%95%EC%8B%A4%29+AND+%28%EA%B2%BD%EC%A0%9C%EC%9D%98+OR+%EA%B2%BD%EC%A0%9C+OR+%EB%AC%B4%EC%97%AD+OR+%EC%83%81%EC%97%85%29+AND+%28%EC%A0%95%EB%B6%80+OR+%EC%B2%AD%EC%99%80%EB%8C%80+OR+%EA%B5%AD%ED%9A%8C+OR+%EB%8B%B9%EA%B5%AD+OR+%EC%A0%9C%EC%A0%95+OR+%EC%A0%9C%EC%A0%95%EB%B2%95+OR+%EC%9E%85%EB%B2%95+OR+%EC%A0%95%EC%B1%85+OR+%EB%B0%A9%EC%B9%A8+OR+%EC%8B%9C%EC%B1%85+OR+%EC%84%B8%EA%B8%88+OR+%EC%84%B8+OR+%EA%B7%9C%EC%A0%9C+OR+%ED%86%B5%EC%A0%9C+OR+%EA%B7%9C%EC%A0%95+OR+%ED%95%9C%EA%B5%AD%EC%9D%80%ED%96%89+OR+%ED%95%9C%EC%9D%80+OR+%EC%A4%91%EC%95%99%EC%9D%80%ED%96%89+OR+%EC%A0%81%EC%9E%90+OR+%EB%B6%80%EC%A1%B1+OR+WTO+OR+%EC%84%B8%EA%B3%84%EB%AC%B4%EC%97%AD%EA%B8%B0%EA%B5%AC+OR+%EB%B2%95+OR+%EB%B2%95%EC%95%88+OR+%EA%B8%B0%ED%9A%8D%EC%9E%AC%EC%A0%95%EB%B6%80+OR+%EA%B8%B0%EC%9E%AC%EB%B6%80%29,17
1,2013,%28%EB%B6%88%ED%99%95%EC%8B%A4%EC%84%B1+OR+%EB%B6%88%ED%99%95%EC%8B%A4%29+AND+%28%EA%B2%BD%EC%A0%9C%EC%9D%98+OR+%EA%B2%BD%EC%A0%9C+OR+%EB%AC%B4%EC%97%AD+OR+%EC%83%81%EC%97%85%29+AND+%28%EC%A0%95%EB%B6%80+OR+%EC%B2%AD%EC%99%80%EB%8C%80+OR+%EA%B5%AD%ED%9A%8C+OR+%EB%8B%B9%EA%B5%AD+OR+%EC%A0%9C%EC%A0%95+OR+%EC%A0%9C%EC%A0%95%EB%B2%95+OR+%EC%9E%85%EB%B2%95+OR+%EC%A0%95%EC%B1%85+OR+%EB%B0%A9%EC%B9%A8+OR+%EC%8B%9C%EC%B1%85+OR+%EC%84%B8%EA%B8%88+OR+%EC%84%B8+OR+%EA%B7%9C%EC%A0%9C+OR+%ED%86%B5%EC%A0%9C+OR+%EA%B7%9C%EC%A0%95+OR+%ED%95%9C%EA%B5%AD%EC%9D%80%ED%96%89+OR+%ED%95%9C%EC%9D%80+OR+%EC%A4%91%EC%95%99%EC%9D%80%ED%96%89+OR+%EC%A0%81%EC%9E%90+OR+%EB%B6%80%EC%A1%B1+OR+WTO+OR+%EC%84%B8%EA%B3%84%EB%AC%B4%EC%97%AD%EA%B8%B0%EA%B5%AC+OR+%EB%B2%95+OR+%EB%B2%95%EC%95%88+OR+%EA%B8%B0%ED%9A%8D%EC%9E%AC%EC%A0%95%EB%B6%80+OR+%EA%B8%B0%EC%9E%AC%EB%B6%80%29,23
2,2013,%28%EB%B6%88%ED%99%95%EC%8B%A4%EC%84%B1+OR+%EB%B6%88%ED%99%95%EC%8B%A4%29+AND+%28%EA%B2%BD%EC%A0%9C%EC%9D%98+OR+%EA%B2%BD%EC%A0%9C+OR+%EB%AC%B4%EC%97%AD+OR+%EC%83%81%EC%97%85%29+AND+%28%EC%A0%95%EB%B6%80+OR+%EC%B2%AD%EC%99%80%EB%8C%80+OR+%EA%B5%AD%ED%9A%8C+OR+%EB%8B%B9%EA%B5%AD+OR+%EC%A0%9C%EC%A0%95+OR+%EC%A0%9C%EC%A0%95%EB%B2%95+OR+%EC%9E%85%EB%B2%95+OR+%EC%A0%95%EC%B1%85+OR+%EB%B0%A9%EC%B9%A8+OR+%EC%8B%9C%EC%B1%85+OR+%EC%84%B8%EA%B8%88+OR+%EC%84%B8+OR+%EA%B7%9C%EC%A0%9C+OR+%ED%86%B5%EC%A0%9C+OR+%EA%B7%9C%EC%A0%95+OR+%ED%95%9C%EA%B5%AD%EC%9D%80%ED%96%89+OR+%ED%95%9C%EC%9D%80+OR+%EC%A4%91%EC%95%99%EC%9D%80%ED%96%89+OR+%EC%A0%81%EC%9E%90+OR+%EB%B6%80%EC%A1%B1+OR+WTO+OR+%EC%84%B8%EA%B3%84%EB%AC%B4%EC%97%AD%EA%B8%B0%EA%B5%AC+OR+%EB%B2%95+OR+%EB%B2%95%EC%95%88+OR+%EA%B8%B0%ED%9A%8D%EC%9E%AC%EC%A0%95%EB%B6%80+OR+%EA%B8%B0%EC%9E%AC%EB%B6%80%29,11
3,2013,%28%EB%B6%88%ED%99%95%EC%8B%A4%EC%84%B1+OR+%EB%B6%88%ED%99%95%EC%8B%A4%29+AND+%28%EA%B2%BD%EC%A0%9C%EC%9D%98+OR+%EA%B2%BD%EC%A0%9C+OR+%EB%AC%B4%EC%97%AD+OR+%EC%83%81%EC%97%85%29+AND+%28%EC%A0%95%EB%B6%80+OR+%EC%B2%AD%EC%99%80%EB%8C%80+OR+%EA%B5%AD%ED%9A%8C+OR+%EB%8B%B9%EA%B5%AD+OR+%EC%A0%9C%EC%A0%95+OR+%EC%A0%9C%EC%A0%95%EB%B2%95+OR+%EC%9E%85%EB%B2%95+OR+%EC%A0%95%EC%B1%85+OR+%EB%B0%A9%EC%B9%A8+OR+%EC%8B%9C%EC%B1%85+OR+%EC%84%B8%EA%B8%88+OR+%EC%84%B8+OR+%EA%B7%9C%EC%A0%9C+OR+%ED%86%B5%EC%A0%9C+OR+%EA%B7%9C%EC%A0%95+OR+%ED%95%9C%EA%B5%AD%EC%9D%80%ED%96%89+OR+%ED%95%9C%EC%9D%80+OR+%EC%A4%91%EC%95%99%EC%9D%80%ED%96%89+OR+%EC%A0%81%EC%9E%90+OR+%EB%B6%80%EC%A1%B1+OR+WTO+OR+%EC%84%B8%EA%B3%84%EB%AC%B4%EC%97%AD%EA%B8%B0%EA%B5%AC+OR+%EB%B2%95+OR+%EB%B2%95%EC%95%88+OR+%EA%B8%B0%ED%9A%8D%EC%9E%AC%EC%A0%95%EB%B6%80+OR+%EA%B8%B0%EC%9E%AC%EB%B6%80%29,14
4,2013,%28%EB%B6%88%ED%99%95%EC%8B%A4%EC%84%B1+OR+%EB%B6%88%ED%99%95%EC%8B%A4%29+AND+%28%EA%B2%BD%EC%A0%9C%EC%9D%98+OR+%EA%B2%BD%EC%A0%9C+OR+%EB%AC%B4%EC%97%AD+OR+%EC%83%81%EC%97%85%29+AND+%28%EC%A0%95%EB%B6%80+OR+%EC%B2%AD%EC%99%80%EB%8C%80+OR+%EA%B5%AD%ED%9A%8C+OR+%EB%8B%B9%EA%B5%AD+OR+%EC%A0%9C%EC%A0%95+OR+%EC%A0%9C%EC%A0%95%EB%B2%95+OR+%EC%9E%85%EB%B2%95+OR+%EC%A0%95%EC%B1%85+OR+%EB%B0%A9%EC%B9%A8+OR+%EC%8B%9C%EC%B1%85+OR+%EC%84%B8%EA%B8%88+OR+%EC%84%B8+OR+%EA%B7%9C%EC%A0%9C+OR+%ED%86%B5%EC%A0%9C+OR+%EA%B7%9C%EC%A0%95+OR+%ED%95%9C%EA%B5%AD%EC%9D%80%ED%96%89+OR+%ED%95%9C%EC%9D%80+OR+%EC%A4%91%EC%95%99%EC%9D%80%ED%96%89+OR+%EC%A0%81%EC%9E%90+OR+%EB%B6%80%EC%A1%B1+OR+WTO+OR+%EC%84%B8%EA%B3%84%EB%AC%B4%EC%97%AD%EA%B8%B0%EA%B5%AC+OR+%EB%B2%95+OR+%EB%B2%95%EC%95%88+OR+%EA%B8%B0%ED%9A%8D%EC%9E%AC%EC%A0%95%EB%B6%80+OR+%EA%B8%B0%EC%9E%AC%EB%B6%80%29,17
5,2013,%28%EB%B6%88%ED%99%95%EC%8B%A4%EC%84%B1+OR+%EB%B6%88%ED%99%95%EC%8B%A4%29+AND+%28%EA%B2%BD%EC%A0%9C%EC%9D%98+OR+%EA%B2%BD%EC%A0%9C+OR+%EB%AC%B4%EC%97%AD+OR+%EC%83%81%EC%97%85%29+AND+%28%EC%A0%95%EB%B6%80+OR+%EC%B2%AD%EC%99%80%EB%8C%80+OR+%EA%B5%AD%ED%9A%8C+OR+%EB%8B%B9%EA%B5%AD+OR+%EC%A0%9C%EC%A0%95+OR+%EC%A0%9C%EC%A0%95%EB%B2%95+OR+%EC%9E%85%EB%B2%95+OR+%EC%A0%95%EC%B1%85+OR+%EB%B0%A9%EC%B9%A8+OR+%EC%8B%9C%EC%B1%85+OR+%EC%84%B8%EA%B8%88+OR+%EC%84%B8+OR+%EA%B7%9C%EC%A0%9C+OR+%ED%86%B5%EC%A0%9C+OR+%EA%B7%9C%EC%A0%95+OR+%ED%95%9C%EA%B5%AD%EC%9D%80%ED%96%89+OR+%ED%95%9C%EC%9D%80+OR+%EC%A4%91%EC%95%99%EC%9D%80%ED%96%89+OR+%EC%A0%81%EC%9E%90+OR+%EB%B6%80%EC%A1%B1+OR+WTO+OR+%EC%84%B8%EA%B3%84%EB%AC%B4%EC%97%AD%EA%B8%B0%EA%B5%AC+OR+%EB%B2%95+OR+%EB%B2%95%EC%95%88+OR+%EA%B8%B0%ED%9A%8D%EC%9E%AC%EC%A0%95%EB%B6%80+OR+%EA%B8%B0%EC%9E%AC%EB%B6%80%29,8
6,2013,%28%EB%B6%88%ED%99%95%EC%8B%A4%EC%84%B1+OR+%EB%B6%88%ED%99%95%EC%8B%A4%29+AND+%28%EA%B2%BD%EC%A0%9C%EC%9D%98+OR+%EA%B2%BD%EC%A0%9C+OR+%EB%AC%B4%EC%97%AD+OR+%EC%83%81%EC%97%85%29+AND+%28%EC%A0%95%EB%B6%80+OR+%EC%B2%AD%EC%99%80%EB%8C%80+OR+%EA%B5%AD%ED%9A%8C+OR+%EB%8B%B9%EA%B5%AD+OR+%EC%A0%9C%EC%A0%95+OR+%EC%A0%9C%EC%A0%95%EB%B2%95+OR+%EC%9E%85%EB%B2%95+OR+%EC%A0%95%EC%B1%85+OR+%EB%B0%A9%EC%B9%A8+OR+%EC%8B%9C%EC%B1%85+OR+%EC%84%B8%EA%B8%88+OR+%EC%84%B8+OR+%EA%B7%9C%EC%A0%9C+OR+%ED%86%B5%EC%A0%9C+OR+%EA%B7%9C%EC%A0%95+OR+%ED%95%9C%EA%B5%AD%EC%9D%80%ED%96%89+OR+%ED%95%9C%EC%9D%80+OR+%EC%A4%91%EC%95%99%EC%9D%80%ED%96%89+OR+%EC%A0%81%EC%9E%90+OR+%EB%B6%80%EC%A1%B1+OR+WTO+OR+%EC%84%B8%EA%B3%84%EB%AC%B4%EC%97%AD%EA%B8%B0%EA%B5%AC+OR+%EB%B2%95+OR+%EB%B2%95%EC%95%88+OR+%EA%B8%B0%ED%9A%8D%EC%9E%AC%EC%A0%95%EB%B6%80+OR+%EA%B8%B0%EC%9E%AC%EB%B6%80%29,18
7,2013,%28%EB%B6%88%ED%99%95%EC%8B%A4%EC%84%B1+OR+%EB%B6%88%ED%99%95%EC%8B%A4%29+AND+%28%EA%B2%BD%EC%A0%9C%EC%9D%98+OR+%EA%B2%BD%EC%A0%9C+OR+%EB%AC%B4%EC%97%AD+OR+%EC%83%81%EC%97%85%29+AND+%28%EC%A0%95%EB%B6%80+OR+%EC%B2%AD%EC%99%80%EB%8C%80+OR+%EA%B5%AD%ED%9A%8C+OR+%EB%8B%B9%EA%B5%AD+OR+%EC%A0%9C%EC%A0%95+OR+%EC%A0%9C%EC%A0%95%EB%B2%95+OR+%EC%9E%85%EB%B2%95+OR+%EC%A0%95%EC%B1%85+OR+%EB%B0%A9%EC%B9%A8+OR+%EC%8B%9C%EC%B1%85+OR+%EC%84%B8%EA%B8%88+OR+%EC%84%B8+OR+%EA%B7%9C%EC%A0%9C+OR+%ED%86%B5%EC%A0%9C+OR+%EA%B7%9C%EC%A0%95+OR+%ED%95%9C%EA%B5%AD%EC%9D%80%ED%96%89+OR+%ED%95%9C%EC%9D%80+OR+%EC%A4%91%EC%95%99%EC%9D%80%ED%96%89+OR+%EC%A0%81%EC%9E%90+OR+%EB%B6%80%EC%A1%B1+OR+WTO+OR+%EC%84%B8%EA%B3%84%EB%AC%B4%EC%97%AD%EA%B8%B0%EA%B5%AC+OR+%EB%B2%95+OR+%EB%B2%95%EC%95%88+OR+%EA%B8%B0%ED%9A%8D%EC%9E%AC%EC%A0%95%EB%B6%80+OR+%EA%B8%B0%EC%9E%AC%EB%B6%80%29,13
8,2013,%28%EB%B6%88%ED%99%95%EC%8B%A4%EC%84%B1+OR+%EB%B6%88%ED%99%95%EC%8B%A4%29+AND+%28%EA%B2%BD%EC%A0%9C%EC%9D%98+OR+%EA%B2%BD%EC%A0%9C+OR+%EB%AC%B4%EC%97%AD+OR+%EC%83%81%EC%97%85%29+AND+%28%EC%A0%95%EB%B6%80+OR+%EC%B2%AD%EC%99%80%EB%8C%80+OR+%EA%B5%AD%ED%9A%8C+OR+%EB%8B%B9%EA%B5%AD+OR+%EC%A0%9C%EC%A0%95+OR+%EC%A0%9C%EC%A0%95%EB%B2%95+OR+%EC%9E%85%EB%B2%95+OR+%EC%A0%95%EC%B1%85+OR+%EB%B0%A9%EC%B9%A8+OR+%EC%8B%9C%EC%B1%85+OR+%EC%84%B8%EA%B8%88+OR+%EC%84%B8+OR+%EA%B7%9C%EC%A0%9C+OR+%ED%86%B5%EC%A0%9C+OR+%EA%B7%9C%EC%A0%95+OR+%ED%95%9C%EA%B5%AD%EC%9D%80%ED%96%89+OR+%ED%95%9C%EC%9D%80+OR+%EC%A4%91%EC%95%99%EC%9D%80%ED%96%89+OR+%EC%A0%81%EC%9E%90+OR+%EB%B6%80%EC%A1%B1+OR+WTO+OR+%EC%84%B8%EA%B3%84%EB%AC%B4%EC%97%AD%EA%B8%B0%EA%B5%AC+OR+%EB%B2%95+OR+%EB%B2%95%EC%95%88+OR+%EA%B8%B0%ED%9A%8D%EC%9E%AC%EC%A0%95%EB%B6%80+OR+%EA%B8%B0%EC%9E%AC%EB%B6%80%29,7
9,2013,%28%EB%B6%88%ED%99%95%EC%8B%A4%EC%84%B1+OR+%EB%B6%88%ED%99%95%EC%8B%A4%29+AND+%28%EA%B2%BD%EC%A0%9C%EC%9D%98+OR+%EA%B2%BD%EC%A0%9C+OR+%EB%AC%B4%EC%97%AD+OR+%EC%83%81%EC%97%85%29+AND+%28%EC%A0%95%EB%B6%80+OR+%EC%B2%AD%EC%99%80%EB%8C%80+OR+%EA%B5%AD%ED%9A%8C+OR+%EB%8B%B9%EA%B5%AD+OR+%EC%A0%9C%EC%A0%95+OR+%EC%A0%9C%EC%A0%95%EB%B2%95+OR+%EC%9E%85%EB%B2%95+OR+%EC%A0%95%EC%B1%85+OR+%EB%B0%A9%EC%B9%A8+OR+%EC%8B%9C%EC%B1%85+OR+%EC%84%B8%EA%B8%88+OR+%EC%84%B8+OR+%EA%B7%9C%EC%A0%9C+OR+%ED%86%B5%EC%A0%9C+OR+%EA%B7%9C%EC%A0%95+OR+%ED%95%9C%EA%B5%AD%EC%9D%80%ED%96%89+OR+%ED%95%9C%EC%9D%80+OR+%EC%A4%91%EC%95%99%EC%9D%80%ED%96%89+OR+%EC%A0%81%EC%9E%90+OR+%EB%B6%80%EC%A1%B1+OR+WTO+OR+%EC%84%B8%EA%B3%84%EB%AC%B4%EC%97%AD%EA%B8%B0%EA%B5%AC+OR+%EB%B2%95+OR+%EB%B2%95%EC%95%88+OR+%EA%B8%B0%ED%9A%8D%EC%9E%AC%EC%A0%95%EB%B6%80+OR+%EA%B8%B0%EC%9E%AC%EB%B6%80%29,5
10,2013,%28%EB%B6%88%ED%99%95%EC%8B%A4%EC%84%B1+OR+%EB%B6%88%ED%99%95%EC%8B%A4%29+AND+%28%EA%B2%BD%EC%A0%9C%EC%9D%98+OR+%EA%B2%BD%EC%A0%9C+OR+%EB%AC%B4%EC%97%AD+OR+%EC%83%81%EC%97%85%29+AND+%28%EC%A0%95%EB%B6%80+OR+%EC%B2%AD%EC%99%80%EB%8C%80+OR+%EA%B5%AD%ED%9A%8C+OR+%EB%8B%B9%EA%B5%AD+OR+%EC%A0%9C%EC%A0%95+OR+%EC%A0%9C%EC%A0%95%EB%B2%95+OR+%EC%9E%85%EB%B2%95+OR+%EC%A0%95%EC%B1%85+OR+%EB%B0%A9%EC%B9%A8+OR+%EC%8B%9C%EC%B1%85+OR+%EC%84%B8%EA%B8%88+OR+%EC%84%B8+OR+%EA%B7%9C%EC%A0%9C+OR+%ED%86%B5%EC%A0%9C+OR+%EA%B7%9C%EC%A0%95+OR+%ED%95%9C%EA%B5%AD%EC%9D%80%ED%96%89+OR+%ED%95%9C%EC%9D%80+OR+%EC%A4%91%EC%95%99%EC%9D%80%ED%96%89+OR+%EC%A0%81%EC%9E%90+OR+%EB%B6%80%EC%A1%B1+OR+WTO+OR+%EC%84%B8%EA%B3%84%EB%AC%B4%EC%97%AD%EA%B8%B0%EA%B5%AC+OR+%EB%B2%95+OR+%EB%B2%95%EC%95%88+OR+%EA%B8%B0%ED%9A%8D%EC%9E%AC%EC%A0%95%EB%B6%80+OR+%EA%B8%B0%EC%9E%AC%EB%B6%80%29,21
11,2013,%28%EB%B6%88%ED%99%95%EC%8B%A4%EC%84%B1+OR+%EB%B6%88%ED%99%95%EC%8B%A4%29+AND+%28%EA%B2%BD%EC%A0%9C%EC%9D%98+OR+%EA%B2%BD%EC%A0%9C+OR+%EB%AC%B4%EC%97%AD+OR+%EC%83%81%EC%97%85%29+AND+%28%EC%A0%95%EB%B6%80+OR+%EC%B2%AD%EC%99%80%EB%8C%80+OR+%EA%B5%AD%ED%9A%8C+OR+%EB%8B%B9%EA%B5%AD+OR+%EC%A0%9C%EC%A0%95+OR+%EC%A0%9C%EC%A0%95%EB%B2%95+OR+%EC%9E%85%EB%B2%95+OR+%EC%A0%95%EC%B1%85+OR+%EB%B0%A9%EC%B9%A8+OR+%EC%8B%9C%EC%B1%85+OR+%EC%84%B8%EA%B8%88+OR+%EC%84%B8+OR+%EA%B7%9C%EC%A0%9C+OR+%ED%86%B5%EC%A0%9C+OR+%EA%B7%9C%EC%A0%95+OR+%ED%95%9C%EA%B5%AD%EC%9D%80%ED%96%89+OR+%ED%95%9C%EC%9D%80+OR+%EC%A4%91%EC%95%99%EC%9D%80%ED%96%89+OR+%EC%A0%81%EC%9E%90+OR+%EB%B6%80%EC%A1%B1+OR+WTO+OR+%EC%84%B8%EA%B3%84%EB%AC%B4%EC%97%AD%EA%B8%B0%EA%B5%AC+OR+%EB%B2%95+OR+%EB%B2%95%EC%95%88+OR+%EA%B8%B0%ED%9A%8D%EC%9E%AC%EC%A0%95%EB%B6%80+OR+%EA%B8%B0%EC%9E%AC%EB%B6%80%29,6
12,2013,%28%EB%B6%88%ED%99%95%EC%8B%A4%EC%84%B1+OR+%EB%B6%88%ED%99%95%EC%8B%A4%29+AND+%28%EA%B2%BD%EC%A0%9C%EC%9D%98+OR+%EA%B2%BD%EC%A0%9C+OR+%EB%AC%B4%EC%97%AD+OR+%EC%83%81%EC%97%85%29+AND+%28%EC%A0%95%EB%B6%80+OR+%EC%B2%AD%EC%99%80%EB%8C%80+OR+%EA%B5%AD%ED%9A%8C+OR+%EB%8B%B9%EA%B5%AD+OR+%EC%A0%9C%EC%A0%95+OR+%EC%A0%9C%EC%A0%95%EB%B2%95+OR+%EC%9E%85%EB%B2%95+OR+%EC%A0%95%EC%B1%85+OR+%EB%B0%A9%EC%B9%A8+OR+%EC%8B%9C%EC%B1%85+OR+%EC%84%B8%EA%B8%88+OR+%EC%84%B8+OR+%EA%B7%9C%EC%A0%9C+OR+%ED%86%B5%EC%A0%9C+OR+%EA%B7%9C%EC%A0%95+OR+%ED%95%9C%EA%B5%AD%EC%9D%80%ED%96%89+OR+%ED%95%9C%EC%9D%80+OR+%EC%A4%91%EC%95%99%EC%9D%80%ED%96%89+OR+%EC%A0%81%EC%9E%90+OR+%EB%B6%80%EC%A1%B1+OR+WTO+OR+%EC%84%B8%EA%B3%84%EB%AC%B4%EC%97%AD%EA%B8%B0%EA%B5%AC+OR+%EB%B2%95+OR+%EB%B2%95%EC%95%88+OR+%EA%B8%B0%ED%9A%8D%EC%9E%AC%EC%A0%95%EB%B6%80+OR+%EA%B8%B0%EC%9E%AC%EB%B6%80%29,17
1,2014,%28%EB%B6%88%ED%99%95%EC%8B%A4%EC%84%B1+OR+%EB%B6%88%ED%99%95%EC%8B%A4%29+AND+%28%EA%B2%BD%EC%A0%9C%EC%9D%98+OR+%EA%B2%BD%EC%A0%9C+OR+%EB%AC%B4%EC%97%AD+OR+%EC%83%81%EC%97%85%29+AND+%28%EC%A0%95%EB%B6%80+OR+%EC%B2%AD%EC%99%80%EB%8C%80+OR+%EA%B5%AD%ED%9A%8C+OR+%EB%8B%B9%EA%B5%AD+OR+%EC%A0%9C%EC%A0%95+OR+%EC%A0%9C%EC%A0%95%EB%B2%95+OR+%EC%9E%85%EB%B2%95+OR+%EC%A0%95%EC%B1%85+OR+%EB%B0%A9%EC%B9%A8+OR+%EC%8B%9C%EC%B1%85+OR+%EC%84%B8%EA%B8%88+OR+%EC%84%B8+OR+%EA%B7%9C%EC%A0%9C+OR+%ED%86%B5%EC%A0%9C+OR+%EA%B7%9C%EC%A0%95+OR+%ED%95%9C%EA%B5%AD%EC%9D%80%ED%96%89+OR+%ED%95%9C%EC%9D%80+OR+%EC%A4%91%EC%95%99%EC%9D%80%ED%96%89+OR+%EC%A0%81%EC%9E%90+OR+%EB%B6%80%EC%A1%B1+OR+WTO+OR+%EC%84%B8%EA%B3%84%EB%AC%B4%EC%97%AD%EA%B8%B0%EA%B5%AC+OR+%EB%B2%95+OR+%EB%B2%95%EC%95%88+OR+%EA%B8%B0%ED%9A%8D%EC%9E%AC%EC%A0%95%EB%B6%80+OR+%EA%B8%B0%EC%9E%AC%EB%B6%80%29,18
2,2014,%28%EB%B6%88%ED%99%95%EC%8B%A4%EC%84%B1+OR+%EB%B6%88%ED%99%95%EC%8B%A4%29+AND+%28%EA%B2%BD%EC%A0%9C%EC%9D%98+OR+%EA%B2%BD%EC%A0%9C+OR+%EB%AC%B4%EC%97%AD+OR+%EC%83%81%EC%97%85%29+AND+%28%EC%A0%95%EB%B6%80+OR+%EC%B2%AD%EC%99%80%EB%8C%80+OR+%EA%B5%AD%ED%9A%8C+OR+%EB%8B%B9%EA%B5%AD+OR+%EC%A0%9C%EC%A0%95+OR+%EC%A0%9C%EC%A0%95%EB%B2%95+OR+%EC%9E%85%EB%B2%95+OR+%EC%A0%95%EC%B1%85+OR+%EB%B0%A9%EC%B9%A8+OR+%EC%8B%9C%EC%B1%85+OR+%EC%84%B8%EA%B8%88+OR+%EC%84%B8+OR+%EA%B7%9C%EC%A0%9C+OR+%ED%86%B5%EC%A0%9C+OR+%EA%B7%9C%EC%A0%95+OR+%ED%95%9C%EA%B5%AD%EC%9D%80%ED%96%89+OR+%ED%95%9C%EC%9D%80+OR+%EC%A4%91%EC%95%99%EC%9D%80%ED%96%89+OR+%EC%A0%81%EC%9E%90+OR+%EB%B6%80%EC%A1%B1+OR+WTO+OR+%EC%84%B8%EA%B3%84%EB%AC%B4%EC%97%AD%EA%B8%B0%EA%B5%AC+OR+%EB%B2%95+OR+%EB%B2%95%EC%95%88+OR+%EA%B8%B0%ED%9A%8D%EC%9E%AC%EC%A0%95%EB%B6%80+OR+%EA%B8%B0%EC%9E%AC%EB%B6%80%29,11
3,2014,%28%EB%B6%88%ED%99%95%EC%8B%A4%EC%84%B1+OR+%EB%B6%88%ED%99%95%EC%8B%A4%29+AND+%28%EA%B2%BD%EC%A0%9C%EC%9D%98+OR+%EA%B2%BD%EC%A0%9C+OR+%EB%AC%B4%EC%97%AD+OR+%EC%83%81%EC%97%85%29+AND+%28%EC%A0%95%EB%B6%80+OR+%EC%B2%AD%EC%99%80%EB%8C%80+OR+%EA%B5%AD%ED%9A%8C+OR+%EB%8B%B9%EA%B5%AD+OR+%EC%A0%9C%EC%A0%95+OR+%EC%A0%9C%EC%A0%95%EB%B2%95+OR+%EC%9E%85%EB%B2%95+OR+%EC%A0%95%EC%B1%85+OR+%EB%B0%A9%EC%B9%A8+OR+%EC%8B%9C%EC%B1%85+OR+%EC%84%B8%EA%B8%88+OR+%EC%84%B8+OR+%EA%B7%9C%EC%A0%9C+OR+%ED%86%B5%EC%A0%9C+OR+%EA%B7%9C%EC%A0%95+OR+%ED%95%9C%EA%B5%AD%EC%9D%80%ED%96%89+OR+%ED%95%9C%EC%9D%80+OR+%EC%A4%91%EC%95%99%EC%9D%80%ED%96%89+OR+%EC%A0%81%EC%9E%90+OR+%EB%B6%80%EC%A1%B1+OR+WTO+OR+%EC%84%B8%EA%B3%84%EB%AC%B4%EC%97%AD%EA%B8%B0%EA%B5%AC+OR+%EB%B2%95+OR+%EB%B2%95%EC%95%88+OR+%EA%B8%B0%ED%9A%8D%EC%9E%AC%EC%A0%95%EB%B6%80+OR+%EA%B8%B0%EC%9E%AC%EB%B6%80%29,2
4,2014,%28%EB%B6%88%ED%99%95%EC%8B%A4%EC%84%B1+OR+%EB%B6%88%ED%99%95%EC%8B%A4%29+AND+%28%EA%B2%BD%EC%A0%9C%EC%9D%98+OR+%EA%B2%BD%EC%A0%9C+OR+%EB%AC%B4%EC%97%AD+OR+%EC%83%81%EC%97%85%29+AND+%28%EC%A0%95%EB%B6%80+OR+%EC%B2%AD%EC%99%80%EB%8C%80+OR+%EA%B5%AD%ED%9A%8C+OR+%EB%8B%B9%EA%B5%AD+OR+%EC%A0%9C%EC%A0%95+OR+%EC%A0%9C%EC%A0%95%EB%B2%95+OR+%EC%9E%85%EB%B2%95+OR+%EC%A0%95%EC%B1%85+OR+%EB%B0%A9%EC%B9%A8+OR+%EC%8B%9C%EC%B1%85+OR+%EC%84%B8%EA%B8%88+OR+%EC%84%B8+OR+%EA%B7%9C%EC%A0%9C+OR+%ED%86%B5%EC%A0%9C+OR+%EA%B7%9C%EC%A0%95+OR+%ED%95%9C%EA%B5%AD%EC%9D%80%ED%96%89+OR+%ED%95%9C%EC%9D%80+OR+%EC%A4%91%EC%95%99%EC%9D%80%ED%96%89+OR+%EC%A0%81%EC%9E%90+OR+%EB%B6%80%EC%A1%B1+OR+WTO+OR+%EC%84%B8%EA%B3%84%EB%AC%B4%EC%97%AD%EA%B8%B0%EA%B5%AC+OR+%EB%B2%95+OR+%EB%B2%95%EC%95%88+OR+%EA%B8%B0%ED%9A%8D%EC%9E%AC%EC%A0%95%EB%B6%80+OR+%EA%B8%B0%EC%9E%AC%EB%B6%80%29,12
5,2014,%28%EB%B6%88%ED%99%95%EC%8B%A4%EC%84%B1+OR+%EB%B6%88%ED%99%95%EC%8B%A4%29+AND+%28%EA%B2%BD%EC%A0%9C%EC%9D%98+OR+%EA%B2%BD%EC%A0%9C+OR+%EB%AC%B4%EC%97%AD+OR+%EC%83%81%EC%97%85%29+AND+%28%EC%A0%95%EB%B6%80+OR+%EC%B2%AD%EC%99%80%EB%8C%80+OR+%EA%B5%AD%ED%9A%8C+OR+%EB%8B%B9%EA%B5%AD+OR+%EC%A0%9C%EC%A0%95+OR+%EC%A0%9C%EC%A0%95%EB%B2%95+OR+%EC%9E%85%EB%B2%95+OR+%EC%A0%95%EC%B1%85+OR+%EB%B0%A9%EC%B9%A8+OR+%EC%8B%9C%EC%B1%85+OR+%EC%84%B8%EA%B8%88+OR+%EC%84%B8+OR+%EA%B7%9C%EC%A0%9C+OR+%ED%86%B5%EC%A0%9C+OR+%EA%B7%9C%EC%A0%95+OR+%ED%95%9C%EA%B5%AD%EC%9D%80%ED%96%89+OR+%ED%95%9C%EC%9D%80+OR+%EC%A4%91%EC%95%99%EC%9D%80%ED%96%89+OR+%EC%A0%81%EC%9E%90+OR+%EB%B6%80%EC%A1%B1+OR+WTO+OR+%EC%84%B8%EA%B3%84%EB%AC%B4%EC%97%AD%EA%B8%B0%EA%B5%AC+OR+%EB%B2%95+OR+%EB%B2%95%EC%95%88+OR+%EA%B8%B0%ED%9A%8D%EC%9E%AC%EC%A0%95%EB%B6%80+OR+%EA%B8%B0%EC%9E%AC%EB%B6%80%29,3
6,2014,%28%EB%B6%88%ED%99%95%EC%8B%A4%EC%84%B1+OR+%EB%B6%88%ED%99%95%EC%8B%A4%29+AND+%28%EA%B2%BD%EC%A0%9C%EC%9D%98+OR+%EA%B2%BD%EC%A0%9C+OR+%EB%AC%B4%EC%97%AD+OR+%EC%83%81%EC%97%85%29+AND+%28%EC%A0%95%EB%B6%80+OR+%EC%B2%AD%EC%99%80%EB%8C%80+OR+%EA%B5%AD%ED%9A%8C+OR+%EB%8B%B9%EA%B5%AD+OR+%EC%A0%9C%EC%A0%95+OR+%EC%A0%9C%EC%A0%95%EB%B2%95+OR+%EC%9E%85%EB%B2%95+OR+%EC%A0%95%EC%B1%85+OR+%EB%B0%A9%EC%B9%A8+OR+%EC%8B%9C%EC%B1%85+OR+%EC%84%B8%EA%B8%88+OR+%EC%84%B8+OR+%EA%B7%9C%EC%A0%9C+OR+%ED%86%B5%EC%A0%9C+OR+%EA%B7%9C%EC%A0%95+OR+%ED%95%9C%EA%B5%AD%EC%9D%80%ED%96%89+OR+%ED%95%9C%EC%9D%80+OR+%EC%A4%91%EC%95%99%EC%9D%80%ED%96%89+OR+%EC%A0%81%EC%9E%90+OR+%EB%B6%80%EC%A1%B1+OR+WTO+OR+%EC%84%B8%EA%B3%84%EB%AC%B4%EC%97%AD%EA%B8%B0%EA%B5%AC+OR+%EB%B2%95+OR+%EB%B2%95%EC%95%88+OR+%EA%B8%B0%ED%9A%8D%EC%9E%AC%EC%A0%95%EB%B6%80+OR+%EA%B8%B0%EC%9E%AC%EB%B6%80%29,5
7,2014,%28%EB%B6%88%ED%99%95%EC%8B%A4%EC%84%B1+OR+%EB%B6%88%ED%99%95%EC%8B%A4%29+AND+%28%EA%B2%BD%EC%A0%9C%EC%9D%98+OR+%EA%B2%BD%EC%A0%9C+OR+%EB%AC%B4%EC%97%AD+OR+%EC%83%81%EC%97%85%29+AND+%28%EC%A0%95%EB%B6%80+OR+%EC%B2%AD%EC%99%80%EB%8C%80+OR+%EA%B5%AD%ED%9A%8C+OR+%EB%8B%B9%EA%B5%AD+OR+%EC%A0%9C%EC%A0%95+OR+%EC%A0%9C%EC%A0%95%EB%B2%95+OR+%EC%9E%85%EB%B2%95+OR+%EC%A0%95%EC%B1%85+OR+%EB%B0%A9%EC%B9%A8+OR+%EC%8B%9C%EC%B1%85+OR+%EC%84%B8%EA%B8%88+OR+%EC%84%B8+OR+%EA%B7%9C%EC%A0%9C+OR+%ED%86%B5%EC%A0%9C+OR+%EA%B7%9C%EC%A0%95+OR+%ED%95%9C%EA%B5%AD%EC%9D%80%ED%96%89+OR+%ED%95%9C%EC%9D%80+OR+%EC%A4%91%EC%95%99%EC%9D%80%ED%96%89+OR+%EC%A0%81%EC%9E%90+OR+%EB%B6%80%EC%A1%B1+OR+WTO+OR+%EC%84%B8%EA%B3%84%EB%AC%B4%EC%97%AD%EA%B8%B0%EA%B5%AC+OR+%EB%B2%95+OR+%EB%B2%95%EC%95%88+OR+%EA%B8%B0%ED%9A%8D%EC%9E%AC%EC%A0%95%EB%B6%80+OR+%EA%B8%B0%EC%9E%AC%EB%B6%80%29,9
8,2014,%28%EB%B6%88%ED%99%95%EC%8B%A4%EC%84%B1+OR+%EB%B6%88%ED%99%95%EC%8B%A4%29+AND+%28%EA%B2%BD%EC%A0%9C%EC%9D%98+OR+%EA%B2%BD%EC%A0%9C+OR+%EB%AC%B4%EC%97%AD+OR+%EC%83%81%EC%97%85%29+AND+%28%EC%A0%95%EB%B6%80+OR+%EC%B2%AD%EC%99%80%EB%8C%80+OR+%EA%B5%AD%ED%9A%8C+OR+%EB%8B%B9%EA%B5%AD+OR+%EC%A0%9C%EC%A0%95+OR+%EC%A0%9C%EC%A0%95%EB%B2%95+OR+%EC%9E%85%EB%B2%95+OR+%EC%A0%95%EC%B1%85+OR+%EB%B0%A9%EC%B9%A8+OR+%EC%8B%9C%EC%B1%85+OR+%EC%84%B8%EA%B8%88+OR+%EC%84%B8+OR+%EA%B7%9C%EC%A0%9C+OR+%ED%86%B5%EC%A0%9C+OR+%EA%B7%9C%EC%A0%95+OR+%ED%95%9C%EA%B5%AD%EC%9D%80%ED%96%89+OR+%ED%95%9C%EC%9D%80+OR+%EC%A4%91%EC%95%99%EC%9D%80%ED%96%89+OR+%EC%A0%81%EC%9E%90+OR+%EB%B6%80%EC%A1%B1+OR+WTO+OR+%EC%84%B8%EA%B3%84%EB%AC%B4%EC%97%AD%EA%B8%B0%EA%B5%AC+OR+%EB%B2%95+OR+%EB%B2%95%EC%95%88+OR+%EA%B8%B0%ED%9A%8D%EC%9E%AC%EC%A0%95%EB%B6%80+OR+%EA%B8%B0%EC%9E%AC%EB%B6%80%29,8
9,2014,%28%EB%B6%88%ED%99%95%EC%8B%A4%EC%84%B1+OR+%EB%B6%88%ED%99%95%EC%8B%A4%29+AND+%28%EA%B2%BD%EC%A0%9C%EC%9D%98+OR+%EA%B2%BD%EC%A0%9C+OR+%EB%AC%B4%EC%97%AD+OR+%EC%83%81%EC%97%85%29+AND+%28%EC%A0%95%EB%B6%80+OR+%EC%B2%AD%EC%99%80%EB%8C%80+OR+%EA%B5%AD%ED%9A%8C+OR+%EB%8B%B9%EA%B5%AD+OR+%EC%A0%9C%EC%A0%95+OR+%EC%A0%9C%EC%A0%95%EB%B2%95+OR+%EC%9E%85%EB%B2%95+OR+%EC%A0%95%EC%B1%85+OR+%EB%B0%A9%EC%B9%A8+OR+%EC%8B%9C%EC%B1%85+OR+%EC%84%B8%EA%B8%88+OR+%EC%84%B8+OR+%EA%B7%9C%EC%A0%9C+OR+%ED%86%B5%EC%A0%9C+OR+%EA%B7%9C%EC%A0%95+OR+%ED%95%9C%EA%B5%AD%EC%9D%80%ED%96%89+OR+%ED%95%9C%EC%9D%80+OR+%EC%A4%91%EC%95%99%EC%9D%80%ED%96%89+OR+%EC%A0%81%EC%9E%90+OR+%EB%B6%80%EC%A1%B1+OR+WTO+OR+%EC%84%B8%EA%B3%84%EB%AC%B4%EC%97%AD%EA%B8%B0%EA%B5%AC+OR+%EB%B2%95+OR+%EB%B2%95%EC%95%88+OR+%EA%B8%B0%ED%9A%8D%EC%9E%AC%EC%A0%95%EB%B6%80+OR+%EA%B8%B0%EC%9E%AC%EB%B6%80%29,1
10,2014,%28%EB%B6%88%ED%99%95%EC%8B%A4%EC%84%B1+OR+%EB%B6%88%ED%99%95%EC%8B%A4%29+AND+%28%EA%B2%BD%EC%A0%9C%EC%9D%98+OR+%EA%B2%BD%EC%A0%9C+OR+%EB%AC%B4%EC%97%AD+OR+%EC%83%81%EC%97%85%29+AND+%28%EC%A0%95%EB%B6%80+OR+%EC%B2%AD%EC%99%80%EB%8C%80+OR+%EA%B5%AD%ED%9A%8C+OR+%EB%8B%B9%EA%B5%AD+OR+%EC%A0%9C%EC%A0%95+OR+%EC%A0%9C%EC%A0%95%EB%B2%95+OR+%EC%9E%85%EB%B2%95+OR+%EC%A0%95%EC%B1%85+OR+%EB%B0%A9%EC%B9%A8+OR+%EC%8B%9C%EC%B1%85+OR+%EC%84%B8%EA%B8%88+OR+%EC%84%B8+OR+%EA%B7%9C%EC%A0%9C+OR+%ED%86%B5%EC%A0%9C+OR+%EA%B7%9C%EC%A0%95+OR+%ED%95%9C%EA%B5%AD%EC%9D%80%ED%96%89+OR+%ED%95%9C%EC%9D%80+OR+%EC%A4%91%EC%95%99%EC%9D%80%ED%96%89+OR+%EC%A0%81%EC%9E%90+OR+%EB%B6%80%EC%A1%B1+OR+WTO+OR+%EC%84%B8%EA%B3%84%EB%AC%B4%EC%97%AD%EA%B8%B0%EA%B5%AC+OR+%EB%B2%95+OR+%EB%B2%95%EC%95%88+OR+%EA%B8%B0%ED%9A%8D%EC%9E%AC%EC%A0%95%EB%B6%80+OR+%EA%B8%B0%EC%9E%AC%EB%B6%80%29,7
11,2014,%28%EB%B6%88%ED%99%95%EC%8B%A4%EC%84%B1+OR+%EB%B6%88%ED%99%95%EC%8B%A4%29+AND+%28%EA%B2%BD%EC%A0%9C%EC%9D%98+OR+%EA%B2%BD%EC%A0%9C+OR+%EB%AC%B4%EC%97%AD+OR+%EC%83%81%EC%97%85%29+AND+%28%EC%A0%95%EB%B6%80+OR+%EC%B2%AD%EC%99%80%EB%8C%80+OR+%EA%B5%AD%ED%9A%8C+OR+%EB%8B%B9%EA%B5%AD+OR+%EC%A0%9C%EC%A0%95+OR+%EC%A0%9C%EC%A0%95%EB%B2%95+OR+%EC%9E%85%EB%B2%95+OR+%EC%A0%95%EC%B1%85+OR+%EB%B0%A9%EC%B9%A8+OR+%EC%8B%9C%EC%B1%85+OR+%EC%84%B8%EA%B8%88+OR+%EC%84%B8+OR+%EA%B7%9C%EC%A0%9C+OR+%ED%86%B5%EC%A0%9C+OR+%EA%B7%9C%EC%A0%95+OR+%ED%95%9C%EA%B5%AD%EC%9D%80%ED%96%89+OR+%ED%95%9C%EC%9D%80+OR+%EC%A4%91%EC%95%99%EC%9D%80%ED%96%89+OR+%EC%A0%81%EC%9E%90+OR+%EB%B6%80%EC%A1%B1+OR+WTO+OR+%EC%84%B8%EA%B3%84%EB%AC%B4%EC%97%AD%EA%B8%B0%EA%B5%AC+OR+%EB%B2%95+OR+%EB%B2%95%EC%95%88+OR+%EA%B8%B0%ED%9A%8D%EC%9E%AC%EC%A0%95%EB%B6%80+OR+%EA%B8%B0%EC%9E%AC%EB%B6%80%29,7
12,2014,%28%EB%B6%88%ED%99%95%EC%8B%A4%EC%84%B1+OR+%EB%B6%88%ED%99%95%EC%8B%A4%29+AND+%28%EA%B2%BD%EC%A0%9C%EC%9D%98+OR+%EA%B2%BD%EC%A0%9C+OR+%EB%AC%B4%EC%97%AD+OR+%EC%83%81%EC%97%85%29+AND+%28%EC%A0%95%EB%B6%80+OR+%EC%B2%AD%EC%99%80%EB%8C%80+OR+%EA%B5%AD%ED%9A%8C+OR+%EB%8B%B9%EA%B5%AD+OR+%EC%A0%9C%EC%A0%95+OR+%EC%A0%9C%EC%A0%95%EB%B2%95+OR+%EC%9E%85%EB%B2%95+OR+%EC%A0%95%EC%B1%85+OR+%EB%B0%A9%EC%B9%A8+OR+%EC%8B%9C%EC%B1%85+OR+%EC%84%B8%EA%B8%88+OR+%EC%84%B8+OR+%EA%B7%9C%EC%A0%9C+OR+%ED%86%B5%EC%A0%9C+OR+%EA%B7%9C%EC%A0%95+OR+%ED%95%9C%EA%B5%AD%EC%9D%80%ED%96%89+OR+%ED%95%9C%EC%9D%80+OR+%EC%A4%91%EC%95%99%EC%9D%80%ED%96%89+OR+%EC%A0%81%EC%9E%90+OR+%EB%B6%80%EC%A1%B1+OR+WTO+OR+%EC%84%B8%EA%B3%84%EB%AC%B4%EC%97%AD%EA%B8%B0%EA%B5%AC+OR+%EB%B2%95+OR+%EB%B2%95%EC%95%88+OR+%EA%B8%B0%ED%9A%8D%EC%9E%AC%EC%A0%95%EB%B6%80+OR+%EA%B8%B0%EC%9E%AC%EB%B6%80%29,11
1,2015,%28%EB%B6%88%ED%99%95%EC%8B%A4%EC%84%B1+OR+%EB%B6%88%ED%99%95%EC%8B%A4%29+AND+%28%EA%B2%BD%EC%A0%9C%EC%9D%98+OR+%EA%B2%BD%EC%A0%9C+OR+%EB%AC%B4%EC%97%AD+OR+%EC%83%81%EC%97%85%29+AND+%28%EC%A0%95%EB%B6%80+OR+%EC%B2%AD%EC%99%80%EB%8C%80+OR+%EA%B5%AD%ED%9A%8C+OR+%EB%8B%B9%EA%B5%AD+OR+%EC%A0%9C%EC%A0%95+OR+%EC%A0%9C%EC%A0%95%EB%B2%95+OR+%EC%9E%85%EB%B2%95+OR+%EC%A0%95%EC%B1%85+OR+%EB%B0%A9%EC%B9%A8+OR+%EC%8B%9C%EC%B1%85+OR+%EC%84%B8%EA%B8%88+OR+%EC%84%B8+OR+%EA%B7%9C%EC%A0%9C+OR+%ED%86%B5%EC%A0%9C+OR+%EA%B7%9C%EC%A0%95+OR+%ED%95%9C%EA%B5%AD%EC%9D%80%ED%96%89+OR+%ED%95%9C%EC%9D%80+OR+%EC%A4%91%EC%95%99%EC%9D%80%ED%96%89+OR+%EC%A0%81%EC%9E%90+OR+%EB%B6%80%EC%A1%B1+OR+WTO+OR+%EC%84%B8%EA%B3%84%EB%AC%B4%EC%97%AD%EA%B8%B0%EA%B5%AC+OR+%EB%B2%95+OR+%EB%B2%95%EC%95%88+OR+%EA%B8%B0%ED%9A%8D%EC%9E%AC%EC%A0%95%EB%B6%80+OR+%EA%B8%B0%EC%9E%AC%EB%B6%80%29,18
2,2015,%28%EB%B6%88%ED%99%95%EC%8B%A4%EC%84%B1+OR+%EB%B6%88%ED%99%95%EC%8B%A4%29+AND+%28%EA%B2%BD%EC%A0%9C%EC%9D%98+OR+%EA%B2%BD%EC%A0%9C+OR+%EB%AC%B4%EC%97%AD+OR+%EC%83%81%EC%97%85%29+AND+%28%EC%A0%95%EB%B6%80+OR+%EC%B2%AD%EC%99%80%EB%8C%80+OR+%EA%B5%AD%ED%9A%8C+OR+%EB%8B%B9%EA%B5%AD+OR+%EC%A0%9C%EC%A0%95+OR+%EC%A0%9C%EC%A0%95%EB%B2%95+OR+%EC%9E%85%EB%B2%95+OR+%EC%A0%95%EC%B1%85+OR+%EB%B0%A9%EC%B9%A8+OR+%EC%8B%9C%EC%B1%85+OR+%EC%84%B8%EA%B8%88+OR+%EC%84%B8+OR+%EA%B7%9C%EC%A0%9C+OR+%ED%86%B5%EC%A0%9C+OR+%EA%B7%9C%EC%A0%95+OR+%ED%95%9C%EA%B5%AD%EC%9D%80%ED%96%89+OR+%ED%95%9C%EC%9D%80+OR+%EC%A4%91%EC%95%99%EC%9D%80%ED%96%89+OR+%EC%A0%81%EC%9E%90+OR+%EB%B6%80%EC%A1%B1+OR+WTO+OR+%EC%84%B8%EA%B3%84%EB%AC%B4%EC%97%AD%EA%B8%B0%EA%B5%AC+OR+%EB%B2%95+OR+%EB%B2%95%EC%95%88+OR+%EA%B8%B0%ED%9A%8D%EC%9E%AC%EC%A0%95%EB%B6%80+OR+%EA%B8%B0%EC%9E%AC%EB%B6%80%29,9
3,2015,%28%EB%B6%88%ED%99%95%EC%8B%A4%EC%84%B1+OR+%EB%B6%88%ED%99%95%EC%8B%A4%29+AND+%28%EA%B2%BD%EC%A0%9C%EC%9D%98+OR+%EA%B2%BD%EC%A0%9C+OR+%EB%AC%B4%EC%97%AD+OR+%EC%83%81%EC%97%85%29+AND+%28%EC%A0%95%EB%B6%80+OR+%EC%B2%AD%EC%99%80%EB%8C%80+OR+%EA%B5%AD%ED%9A%8C+OR+%EB%8B%B9%EA%B5%AD+OR+%EC%A0%9C%EC%A0%95+OR+%EC%A0%9C%EC%A0%95%EB%B2%95+OR+%EC%9E%85%EB%B2%95+OR+%EC%A0%95%EC%B1%85+OR+%EB%B0%A9%EC%B9%A8+OR+%EC%8B%9C%EC%B1%85+OR+%EC%84%B8%EA%B8%88+OR+%EC%84%B8+OR+%EA%B7%9C%EC%A0%9C+OR+%ED%86%B5%EC%A0%9C+OR+%EA%B7%9C%EC%A0%95+OR+%ED%95%9C%EA%B5%AD%EC%9D%80%ED%96%89+OR+%ED%95%9C%EC%9D%80+OR+%EC%A4%91%EC%95%99%EC%9D%80%ED%96%89+OR+%EC%A0%81%EC%9E%90+OR+%EB%B6%80%EC%A1%B1+OR+WTO+OR+%EC%84%B8%EA%B3%84%EB%AC%B4%EC%97%AD%EA%B8%B0%EA%B5%AC+OR+%EB%B2%95+OR+%EB%B2%95%EC%95%88+OR+%EA%B8%B0%ED%9A%8D%EC%9E%AC%EC%A0%95%EB%B6%80+OR+%EA%B8%B0%EC%9E%AC%EB%B6%80%29,13
4,2015,%28%EB%B6%88%ED%99%95%EC%8B%A4%EC%84%B1+OR+%EB%B6%88%ED%99%95%EC%8B%A4%29+AND+%28%EA%B2%BD%EC%A0%9C%EC%9D%98+OR+%EA%B2%BD%EC%A0%9C+OR+%EB%AC%B4%EC%97%AD+OR+%EC%83%81%EC%97%85%29+AND+%28%EC%A0%95%EB%B6%80+OR+%EC%B2%AD%EC%99%80%EB%8C%80+OR+%EA%B5%AD%ED%9A%8C+OR+%EB%8B%B9%EA%B5%AD+OR+%EC%A0%9C%EC%A0%95+OR+%EC%A0%9C%EC%A0%95%EB%B2%95+OR+%EC%9E%85%EB%B2%95+OR+%EC%A0%95%EC%B1%85+OR+%EB%B0%A9%EC%B9%A8+OR+%EC%8B%9C%EC%B1%85+OR+%EC%84%B8%EA%B8%88+OR+%EC%84%B8+OR+%EA%B7%9C%EC%A0%9C+OR+%ED%86%B5%EC%A0%9C+OR+%EA%B7%9C%EC%A0%95+OR+%ED%95%9C%EA%B5%AD%EC%9D%80%ED%96%89+OR+%ED%95%9C%EC%9D%80+OR+%EC%A4%91%EC%95%99%EC%9D%80%ED%96%89+OR+%EC%A0%81%EC%9E%90+OR+%EB%B6%80%EC%A1%B1+OR+WTO+OR+%EC%84%B8%EA%B3%84%EB%AC%B4%EC%97%AD%EA%B8%B0%EA%B5%AC+OR+%EB%B2%95+OR+%EB%B2%95%EC%95%88+OR+%EA%B8%B0%ED%9A%8D%EC%9E%AC%EC%A0%95%EB%B6%80+OR+%EA%B8%B0%EC%9E%AC%EB%B6%80%29,8
5,2015,%28%EB%B6%88%ED%99%95%EC%8B%A4%EC%84%B1+OR+%EB%B6%88%ED%99%95%EC%8B%A4%29+AND+%28%EA%B2%BD%EC%A0%9C%EC%9D%98+OR+%EA%B2%BD%EC%A0%9C+OR+%EB%AC%B4%EC%97%AD+OR+%EC%83%81%EC%97%85%29+AND+%28%EC%A0%95%EB%B6%80+OR+%EC%B2%AD%EC%99%80%EB%8C%80+OR+%EA%B5%AD%ED%9A%8C+OR+%EB%8B%B9%EA%B5%AD+OR+%EC%A0%9C%EC%A0%95+OR+%EC%A0%9C%EC%A0%95%EB%B2%95+OR+%EC%9E%85%EB%B2%95+OR+%EC%A0%95%EC%B1%85+OR+%EB%B0%A9%EC%B9%A8+OR+%EC%8B%9C%EC%B1%85+OR+%EC%84%B8%EA%B8%88+OR+%EC%84%B8+OR+%EA%B7%9C%EC%A0%9C+OR+%ED%86%B5%EC%A0%9C+OR+%EA%B7%9C%EC%A0%95+OR+%ED%95%9C%EA%B5%AD%EC%9D%80%ED%96%89+OR+%ED%95%9C%EC%9D%80+OR+%EC%A4%91%EC%95%99%EC%9D%80%ED%96%89+OR+%EC%A0%81%EC%9E%90+OR+%EB%B6%80%EC%A1%B1+OR+WTO+OR+%EC%84%B8%EA%B3%84%EB%AC%B4%EC%97%AD%EA%B8%B0%EA%B5%AC+OR+%EB%B2%95+OR+%EB%B2%95%EC%95%88+OR+%EA%B8%B0%ED%9A%8D%EC%9E%AC%EC%A0%95%EB%B6%80+OR+%EA%B8%B0%EC%9E%AC%EB%B6%80%29,9
6,2015,%28%EB%B6%88%ED%99%95%EC%8B%A4%EC%84%B1+OR+%EB%B6%88%ED%99%95%EC%8B%A4%29+AND+%28%EA%B2%BD%EC%A0%9C%EC%9D%98+OR+%EA%B2%BD%EC%A0%9C+OR+%EB%AC%B4%EC%97%AD+OR+%EC%83%81%EC%97%85%29+AND+%28%EC%A0%95%EB%B6%80+OR+%EC%B2%AD%EC%99%80%EB%8C%80+OR+%EA%B5%AD%ED%9A%8C+OR+%EB%8B%B9%EA%B5%AD+OR+%EC%A0%9C%EC%A0%95+OR+%EC%A0%9C%EC%A0%95%EB%B2%95+OR+%EC%9E%85%EB%B2%95+OR+%EC%A0%95%EC%B1%85+OR+%EB%B0%A9%EC%B9%A8+OR+%EC%8B%9C%EC%B1%85+OR+%EC%84%B8%EA%B8%88+OR+%EC%84%B8+OR+%EA%B7%9C%EC%A0%9C+OR+%ED%86%B5%EC%A0%9C+OR+%EA%B7%9C%EC%A0%95+OR+%ED%95%9C%EA%B5%AD%EC%9D%80%ED%96%89+OR+%ED%95%9C%EC%9D%80+OR+%EC%A4%91%EC%95%99%EC%9D%80%ED%96%89+OR+%EC%A0%81%EC%9E%90+OR+%EB%B6%80%EC%A1%B1+OR+WTO+OR+%EC%84%B8%EA%B3%84%EB%AC%B4%EC%97%AD%EA%B8%B0%EA%B5%AC+OR+%EB%B2%95+OR+%EB%B2%95%EC%95%88+OR+%EA%B8%B0%ED%9A%8D%EC%9E%AC%EC%A0%95%EB%B6%80+OR+%EA%B8%B0%EC%9E%AC%EB%B6%80%29,10
7,2015,%28%EB%B6%88%ED%99%95%EC%8B%A4%EC%84%B1+OR+%EB%B6%88%ED%99%95%EC%8B%A4%29+AND+%28%EA%B2%BD%EC%A0%9C%EC%9D%98+OR+%EA%B2%BD%EC%A0%9C+OR+%EB%AC%B4%EC%97%AD+OR+%EC%83%81%EC%97%85%29+AND+%28%EC%A0%95%EB%B6%80+OR+%EC%B2%AD%EC%99%80%EB%8C%80+OR+%EA%B5%AD%ED%9A%8C+OR+%EB%8B%B9%EA%B5%AD+OR+%EC%A0%9C%EC%A0%95+OR+%EC%A0%9C%EC%A0%95%EB%B2%95+OR+%EC%9E%85%EB%B2%95+OR+%EC%A0%95%EC%B1%85+OR+%EB%B0%A9%EC%B9%A8+OR+%EC%8B%9C%EC%B1%85+OR+%EC%84%B8%EA%B8%88+OR+%EC%84%B8+OR+%EA%B7%9C%EC%A0%9C+OR+%ED%86%B5%EC%A0%9C+OR+%EA%B7%9C%EC%A0%95+OR+%ED%95%9C%EA%B5%AD%EC%9D%80%ED%96%89+OR+%ED%95%9C%EC%9D%80+OR+%EC%A4%91%EC%95%99%EC%9D%80%ED%96%89+OR+%EC%A0%81%EC%9E%90+OR+%EB%B6%80%EC%A1%B1+OR+WTO+OR+%EC%84%B8%EA%B3%84%EB%AC%B4%EC%97%AD%EA%B8%B0%EA%B5%AC+OR+%EB%B2%95+OR+%EB%B2%95%EC%95%88+OR+%EA%B8%B0%ED%9A%8D%EC%9E%AC%EC%A0%95%EB%B6%80+OR+%EA%B8%B0%EC%9E%AC%EB%B6%80%29,12
8,2015,%28%EB%B6%88%ED%99%95%EC%8B%A4%EC%84%B1+OR+%EB%B6%88%ED%99%95%EC%8B%A4%29+AND+%28%EA%B2%BD%EC%A0%9C%EC%9D%98+OR+%EA%B2%BD%EC%A0%9C+OR+%EB%AC%B4%EC%97%AD+OR+%EC%83%81%EC%97%85%29+AND+%28%EC%A0%95%EB%B6%80+OR+%EC%B2%AD%EC%99%80%EB%8C%80+OR+%EA%B5%AD%ED%9A%8C+OR+%EB%8B%B9%EA%B5%AD+OR+%EC%A0%9C%EC%A0%95+OR+%EC%A0%9C%EC%A0%95%EB%B2%95+OR+%EC%9E%85%EB%B2%95+OR+%EC%A0%95%EC%B1%85+OR+%EB%B0%A9%EC%B9%A8+OR+%EC%8B%9C%EC%B1%85+OR+%EC%84%B8%EA%B8%88+OR+%EC%84%B8+OR+%EA%B7%9C%EC%A0%9C+OR+%ED%86%B5%EC%A0%9C+OR+%EA%B7%9C%EC%A0%95+OR+%ED%95%9C%EA%B5%AD%EC%9D%80%ED%96%89+OR+%ED%95%9C%EC%9D%80+OR+%EC%A4%91%EC%95%99%EC%9D%80%ED%96%89+OR+%EC%A0%81%EC%9E%90+OR+%EB%B6%80%EC%A1%B1+OR+WTO+OR+%EC%84%B8%EA%B3%84%EB%AC%B4%EC%97%AD%EA%B8%B0%EA%B5%AC+OR+%EB%B2%95+OR+%EB%B2%95%EC%95%88+OR+%EA%B8%B0%ED%9A%8D%EC%9E%AC%EC%A0%95%EB%B6%80+OR+%EA%B8%B0%EC%9E%AC%EB%B6%80%29,8
9,2015,%28%EB%B6%88%ED%99%95%EC%8B%A4%EC%84%B1+OR+%EB%B6%88%ED%99%95%EC%8B%A4%29+AND+%28%EA%B2%BD%EC%A0%9C%EC%9D%98+OR+%EA%B2%BD%EC%A0%9C+OR+%EB%AC%B4%EC%97%AD+OR+%EC%83%81%EC%97%85%29+AND+%28%EC%A0%95%EB%B6%80+OR+%EC%B2%AD%EC%99%80%EB%8C%80+OR+%EA%B5%AD%ED%9A%8C+OR+%EB%8B%B9%EA%B5%AD+OR+%EC%A0%9C%EC%A0%95+OR+%EC%A0%9C%EC%A0%95%EB%B2%95+OR+%EC%9E%85%EB%B2%95+OR+%EC%A0%95%EC%B1%85+OR+%EB%B0%A9%EC%B9%A8+OR+%EC%8B%9C%EC%B1%85+OR+%EC%84%B8%EA%B8%88+OR+%EC%84%B8+OR+%EA%B7%9C%EC%A0%9C+OR+%ED%86%B5%EC%A0%9C+OR+%EA%B7%9C%EC%A0%95+OR+%ED%95%9C%EA%B5%AD%EC%9D%80%ED%96%89+OR+%ED%95%9C%EC%9D%80+OR+%EC%A4%91%EC%95%99%EC%9D%80%ED%96%89+OR+%EC%A0%81%EC%9E%90+OR+%EB%B6%80%EC%A1%B1+OR+WTO+OR+%EC%84%B8%EA%B3%84%EB%AC%B4%EC%97%AD%EA%B8%B0%EA%B5%AC+OR+%EB%B2%95+OR+%EB%B2%95%EC%95%88+OR+%EA%B8%B0%ED%9A%8D%EC%9E%AC%EC%A0%95%EB%B6%80+OR+%EA%B8%B0%EC%9E%AC%EB%B6%80%29,22
10,2015,%28%EB%B6%88%ED%99%95%EC%8B%A4%EC%84%B1+OR+%EB%B6%88%ED%99%95%EC%8B%A4%29+AND+%28%EA%B2%BD%EC%A0%9C%EC%9D%98+OR+%EA%B2%BD%EC%A0%9C+OR+%EB%AC%B4%EC%97%AD+OR+%EC%83%81%EC%97%85%29+AND+%28%EC%A0%95%EB%B6%80+OR+%EC%B2%AD%EC%99%80%EB%8C%80+OR+%EA%B5%AD%ED%9A%8C+OR+%EB%8B%B9%EA%B5%AD+OR+%EC%A0%9C%EC%A0%95+OR+%EC%A0%9C%EC%A0%95%EB%B2%95+OR+%EC%9E%85%EB%B2%95+OR+%EC%A0%95%EC%B1%85+OR+%EB%B0%A9%EC%B9%A8+OR+%EC%8B%9C%EC%B1%85+OR+%EC%84%B8%EA%B8%88+OR+%EC%84%B8+OR+%EA%B7%9C%EC%A0%9C+OR+%ED%86%B5%EC%A0%9C+OR+%EA%B7%9C%EC%A0%95+OR+%ED%95%9C%EA%B5%AD%EC%9D%80%ED%96%89+OR+%ED%95%9C%EC%9D%80+OR+%EC%A4%91%EC%95%99%EC%9D%80%ED%96%89+OR+%EC%A0%81%EC%9E%90+OR+%EB%B6%80%EC%A1%B1+OR+WTO+OR+%EC%84%B8%EA%B3%84%EB%AC%B4%EC%97%AD%EA%B8%B0%EA%B5%AC+OR+%EB%B2%95+OR+%EB%B2%95%EC%95%88+OR+%EA%B8%B0%ED%9A%8D%EC%9E%AC%EC%A0%95%EB%B6%80+OR+%EA%B8%B0%EC%9E%AC%EB%B6%80%29,14
11,2015,%28%EB%B6%88%ED%99%95%EC%8B%A4%EC%84%B1+OR+%EB%B6%88%ED%99%95%EC%8B%A4%29+AND+%28%EA%B2%BD%EC%A0%9C%EC%9D%98+OR+%EA%B2%BD%EC%A0%9C+OR+%EB%AC%B4%EC%97%AD+OR+%EC%83%81%EC%97%85%29+AND+%28%EC%A0%95%EB%B6%80+OR+%EC%B2%AD%EC%99%80%EB%8C%80+OR+%EA%B5%AD%ED%9A%8C+OR+%EB%8B%B9%EA%B5%AD+OR+%EC%A0%9C%EC%A0%95+OR+%EC%A0%9C%EC%A0%95%EB%B2%95+OR+%EC%9E%85%EB%B2%95+OR+%EC%A0%95%EC%B1%85+OR+%EB%B0%A9%EC%B9%A8+OR+%EC%8B%9C%EC%B1%85+OR+%EC%84%B8%EA%B8%88+OR+%EC%84%B8+OR+%EA%B7%9C%EC%A0%9C+OR+%ED%86%B5%EC%A0%9C+OR+%EA%B7%9C%EC%A0%95+OR+%ED%95%9C%EA%B5%AD%EC%9D%80%ED%96%89+OR+%ED%95%9C%EC%9D%80+OR+%EC%A4%91%EC%95%99%EC%9D%80%ED%96%89+OR+%EC%A0%81%EC%9E%90+OR+%EB%B6%80%EC%A1%B1+OR+WTO+OR+%EC%84%B8%EA%B3%84%EB%AC%B4%EC%97%AD%EA%B8%B0%EA%B5%AC+OR+%EB%B2%95+OR+%EB%B2%95%EC%95%88+OR+%EA%B8%B0%ED%9A%8D%EC%9E%AC%EC%A0%95%EB%B6%80+OR+%EA%B8%B0%EC%9E%AC%EB%B6%80%29,8
12,2015,%28%EB%B6%88%ED%99%95%EC%8B%A4%EC%84%B1+OR+%EB%B6%88%ED%99%95%EC%8B%A4%29+AND+%28%EA%B2%BD%EC%A0%9C%EC%9D%98+OR+%EA%B2%BD%EC%A0%9C+OR+%EB%AC%B4%EC%97%AD+OR+%EC%83%81%EC%97%85%29+AND+%28%EC%A0%95%EB%B6%80+OR+%EC%B2%AD%EC%99%80%EB%8C%80+OR+%EA%B5%AD%ED%9A%8C+OR+%EB%8B%B9%EA%B5%AD+OR+%EC%A0%9C%EC%A0%95+OR+%EC%A0%9C%EC%A0%95%EB%B2%95+OR+%EC%9E%85%EB%B2%95+OR+%EC%A0%95%EC%B1%85+OR+%EB%B0%A9%EC%B9%A8+OR+%EC%8B%9C%EC%B1%85+OR+%EC%84%B8%EA%B8%88+OR+%EC%84%B8+OR+%EA%B7%9C%EC%A0%9C+OR+%ED%86%B5%EC%A0%9C+OR+%EA%B7%9C%EC%A0%95+OR+%ED%95%9C%EA%B5%AD%EC%9D%80%ED%96%89+OR+%ED%95%9C%EC%9D%80+OR+%EC%A4%91%EC%95%99%EC%9D%80%ED%96%89+OR+%EC%A0%81%EC%9E%90+OR+%EB%B6%80%EC%A1%B1+OR+WTO+OR+%EC%84%B8%EA%B3%84%EB%AC%B4%EC%97%AD%EA%B8%B0%EA%B5%AC+OR+%EB%B2%95+OR+%EB%B2%95%EC%95%88+OR+%EA%B8%B0%ED%9A%8D%EC%9E%AC%EC%A0%95%EB%B6%80+OR+%EA%B8%B0%EC%9E%AC%EB%B6%80%29,25
1,2016,%28%EB%B6%88%ED%99%95%EC%8B%A4%EC%84%B1+OR+%EB%B6%88%ED%99%95%EC%8B%A4%29+AND+%28%EA%B2%BD%EC%A0%9C%EC%9D%98+OR+%EA%B2%BD%EC%A0%9C+OR+%EB%AC%B4%EC%97%AD+OR+%EC%83%81%EC%97%85%29+AND+%28%EC%A0%95%EB%B6%80+OR+%EC%B2%AD%EC%99%80%EB%8C%80+OR+%EA%B5%AD%ED%9A%8C+OR+%EB%8B%B9%EA%B5%AD+OR+%EC%A0%9C%EC%A0%95+OR+%EC%A0%9C%EC%A0%95%EB%B2%95+OR+%EC%9E%85%EB%B2%95+OR+%EC%A0%95%EC%B1%85+OR+%EB%B0%A9%EC%B9%A8+OR+%EC%8B%9C%EC%B1%85+OR+%EC%84%B8%EA%B8%88+OR+%EC%84%B8+OR+%EA%B7%9C%EC%A0%9C+OR+%ED%86%B5%EC%A0%9C+OR+%EA%B7%9C%EC%A0%95+OR+%ED%95%9C%EA%B5%AD%EC%9D%80%ED%96%89+OR+%ED%95%9C%EC%9D%80+OR+%EC%A4%91%EC%95%99%EC%9D%80%ED%96%89+OR+%EC%A0%81%EC%9E%90+OR+%EB%B6%80%EC%A1%B1+OR+WTO+OR+%EC%84%B8%EA%B3%84%EB%AC%B4%EC%97%AD%EA%B8%B0%EA%B5%AC+OR+%EB%B2%95+OR+%EB%B2%95%EC%95%88+OR+%EA%B8%B0%ED%9A%8D%EC%9E%AC%EC%A0%95%EB%B6%80+OR+%EA%B8%B0%EC%9E%AC%EB%B6%80%29,13
2,2016,%28%EB%B6%88%ED%99%95%EC%8B%A4%EC%84%B1+OR+%EB%B6%88%ED%99%95%EC%8B%A4%29+AND+%28%EA%B2%BD%EC%A0%9C%EC%9D%98+OR+%EA%B2%BD%EC%A0%9C+OR+%EB%AC%B4%EC%97%AD+OR+%EC%83%81%EC%97%85%29+AND+%28%EC%A0%95%EB%B6%80+OR+%EC%B2%AD%EC%99%80%EB%8C%80+OR+%EA%B5%AD%ED%9A%8C+OR+%EB%8B%B9%EA%B5%AD+OR+%EC%A0%9C%EC%A0%95+OR+%EC%A0%9C%EC%A0%95%EB%B2%95+OR+%EC%9E%85%EB%B2%95+OR+%EC%A0%95%EC%B1%85+OR+%EB%B0%A9%EC%B9%A8+OR+%EC%8B%9C%EC%B1%85+OR+%EC%84%B8%EA%B8%88+OR+%EC%84%B8+OR+%EA%B7%9C%EC%A0%9C+OR+%ED%86%B5%EC%A0%9C+OR+%EA%B7%9C%EC%A0%95+OR+%ED%95%9C%EA%B5%AD%EC%9D%80%ED%96%89+OR+%ED%95%9C%EC%9D%80+OR+%EC%A4%91%EC%95%99%EC%9D%80%ED%96%89+OR+%EC%A0%81%EC%9E%90+OR+%EB%B6%80%EC%A1%B1+OR+WTO+OR+%EC%84%B8%EA%B3%84%EB%AC%B4%EC%97%AD%EA%B8%B0%EA%B5%AC+OR+%EB%B2%95+OR+%EB%B2%95%EC%95%88+OR+%EA%B8%B0%ED%9A%8D%EC%9E%AC%EC%A0%95%EB%B6%80+OR+%EA%B8%B0%EC%9E%AC%EB%B6%80%29,12
3,2016,%28%EB%B6%88%ED%99%95%EC%8B%A4%EC%84%B1+OR+%EB%B6%88%ED%99%95%EC%8B%A4%29+AND+%28%EA%B2%BD%EC%A0%9C%EC%9D%98+OR+%EA%B2%BD%EC%A0%9C+OR+%EB%AC%B4%EC%97%AD+OR+%EC%83%81%EC%97%85%29+AND+%28%EC%A0%95%EB%B6%80+OR+%EC%B2%AD%EC%99%80%EB%8C%80+OR+%EA%B5%AD%ED%9A%8C+OR+%EB%8B%B9%EA%B5%AD+OR+%EC%A0%9C%EC%A0%95+OR+%EC%A0%9C%EC%A0%95%EB%B2%95+OR+%EC%9E%85%EB%B2%95+OR+%EC%A0%95%EC%B1%85+OR+%EB%B0%A9%EC%B9%A8+OR+%EC%8B%9C%EC%B1%85+OR+%EC%84%B8%EA%B8%88+OR+%EC%84%B8+OR+%EA%B7%9C%EC%A0%9C+OR+%ED%86%B5%EC%A0%9C+OR+%EA%B7%9C%EC%A0%95+OR+%ED%95%9C%EA%B5%AD%EC%9D%80%ED%96%89+OR+%ED%95%9C%EC%9D%80+OR+%EC%A4%91%EC%95%99%EC%9D%80%ED%96%89+OR+%EC%A0%81%EC%9E%90+OR+%EB%B6%80%EC%A1%B1+OR+WTO+OR+%EC%84%B8%EA%B3%84%EB%AC%B4%EC%97%AD%EA%B8%B0%EA%B5%AC+OR+%EB%B2%95+OR+%EB%B2%95%EC%95%88+OR+%EA%B8%B0%ED%9A%8D%EC%9E%AC%EC%A0%95%EB%B6%80+OR+%EA%B8%B0%EC%9E%AC%EB%B6%80%29,17
4,2016,%28%EB%B6%88%ED%99%95%EC%8B%A4%EC%84%B1+OR+%EB%B6%88%ED%99%95%EC%8B%A4%29+AND+%28%EA%B2%BD%EC%A0%9C%EC%9D%98+OR+%EA%B2%BD%EC%A0%9C+OR+%EB%AC%B4%EC%97%AD+OR+%EC%83%81%EC%97%85%29+AND+%28%EC%A0%95%EB%B6%80+OR+%EC%B2%AD%EC%99%80%EB%8C%80+OR+%EA%B5%AD%ED%9A%8C+OR+%EB%8B%B9%EA%B5%AD+OR+%EC%A0%9C%EC%A0%95+OR+%EC%A0%9C%EC%A0%95%EB%B2%95+OR+%EC%9E%85%EB%B2%95+OR+%EC%A0%95%EC%B1%85+OR+%EB%B0%A9%EC%B9%A8+OR+%EC%8B%9C%EC%B1%85+OR+%EC%84%B8%EA%B8%88+OR+%EC%84%B8+OR+%EA%B7%9C%EC%A0%9C+OR+%ED%86%B5%EC%A0%9C+OR+%EA%B7%9C%EC%A0%95+OR+%ED%95%9C%EA%B5%AD%EC%9D%80%ED%96%89+OR+%ED%95%9C%EC%9D%80+OR+%EC%A4%91%EC%95%99%EC%9D%80%ED%96%89+OR+%EC%A0%81%EC%9E%90+OR+%EB%B6%80%EC%A1%B1+OR+WTO+OR+%EC%84%B8%EA%B3%84%EB%AC%B4%EC%97%AD%EA%B8%B0%EA%B5%AC+OR+%EB%B2%95+OR+%EB%B2%95%EC%95%88+OR+%EA%B8%B0%ED%9A%8D%EC%9E%AC%EC%A0%95%EB%B6%80+OR+%EA%B8%B0%EC%9E%AC%EB%B6%80%29,21
5,2016,%28%EB%B6%88%ED%99%95%EC%8B%A4%EC%84%B1+OR+%EB%B6%88%ED%99%95%EC%8B%A4%29+AND+%28%EA%B2%BD%EC%A0%9C%EC%9D%98+OR+%EA%B2%BD%EC%A0%9C+OR+%EB%AC%B4%EC%97%AD+OR+%EC%83%81%EC%97%85%29+AND+%28%EC%A0%95%EB%B6%80+OR+%EC%B2%AD%EC%99%80%EB%8C%80+OR+%EA%B5%AD%ED%9A%8C+OR+%EB%8B%B9%EA%B5%AD+OR+%EC%A0%9C%EC%A0%95+OR+%EC%A0%9C%EC%A0%95%EB%B2%95+OR+%EC%9E%85%EB%B2%95+OR+%EC%A0%95%EC%B1%85+OR+%EB%B0%A9%EC%B9%A8+OR+%EC%8B%9C%EC%B1%85+OR+%EC%84%B8%EA%B8%88+OR+%EC%84%B8+OR+%EA%B7%9C%EC%A0%9C+OR+%ED%86%B5%EC%A0%9C+OR+%EA%B7%9C%EC%A0%95+OR+%ED%95%9C%EA%B5%AD%EC%9D%80%ED%96%89+OR+%ED%95%9C%EC%9D%80+OR+%EC%A4%91%EC%95%99%EC%9D%80%ED%96%89+OR+%EC%A0%81%EC%9E%90+OR+%EB%B6%80%EC%A1%B1+OR+WTO+OR+%EC%84%B8%EA%B3%84%EB%AC%B4%EC%97%AD%EA%B8%B0%EA%B5%AC+OR+%EB%B2%95+OR+%EB%B2%95%EC%95%88+OR+%EA%B8%B0%ED%9A%8D%EC%9E%AC%EC%A0%95%EB%B6%80+OR+%EA%B8%B0%EC%9E%AC%EB%B6%80%29,16
6,2016,%28%EB%B6%88%ED%99%95%EC%8B%A4%EC%84%B1+OR+%EB%B6%88%ED%99%95%EC%8B%A4%29+AND+%28%EA%B2%BD%EC%A0%9C%EC%9D%98+OR+%EA%B2%BD%EC%A0%9C+OR+%EB%AC%B4%EC%97%AD+OR+%EC%83%81%EC%97%85%29+AND+%28%EC%A0%95%EB%B6%80+OR+%EC%B2%AD%EC%99%80%EB%8C%80+OR+%EA%B5%AD%ED%9A%8C+OR+%EB%8B%B9%EA%B5%AD+OR+%EC%A0%9C%EC%A0%95+OR+%EC%A0%9C%EC%A0%95%EB%B2%95+OR+%EC%9E%85%EB%B2%95+OR+%EC%A0%95%EC%B1%85+OR+%EB%B0%A9%EC%B9%A8+OR+%EC%8B%9C%EC%B1%85+OR+%EC%84%B8%EA%B8%88+OR+%EC%84%B8+OR+%EA%B7%9C%EC%A0%9C+OR+%ED%86%B5%EC%A0%9C+OR+%EA%B7%9C%EC%A0%95+OR+%ED%95%9C%EA%B5%AD%EC%9D%80%ED%96%89+OR+%ED%95%9C%EC%9D%80+OR+%EC%A4%91%EC%95%99%EC%9D%80%ED%96%89+OR+%EC%A0%81%EC%9E%90+OR+%EB%B6%80%EC%A1%B1+OR+WTO+OR+%EC%84%B8%EA%B3%84%EB%AC%B4%EC%97%AD%EA%B8%B0%EA%B5%AC+OR+%EB%B2%95+OR+%EB%B2%95%EC%95%88+OR+%EA%B8%B0%ED%9A%8D%EC%9E%AC%EC%A0%95%EB%B6%80+OR+%EA%B8%B0%EC%9E%AC%EB%B6%80%29,31
7,2016,%28%EB%B6%88%ED%99%95%EC%8B%A4%EC%84%B1+OR+%EB%B6%88%ED%99%95%EC%8B%A4%29+AND+%28%EA%B2%BD%EC%A0%9C%EC%9D%98+OR+%EA%B2%BD%EC%A0%9C+OR+%EB%AC%B4%EC%97%AD+OR+%EC%83%81%EC%97%85%29+AND+%28%EC%A0%95%EB%B6%80+OR+%EC%B2%AD%EC%99%80%EB%8C%80+OR+%EA%B5%AD%ED%9A%8C+OR+%EB%8B%B9%EA%B5%AD+OR+%EC%A0%9C%EC%A0%95+OR+%EC%A0%9C%EC%A0%95%EB%B2%95+OR+%EC%9E%85%EB%B2%95+OR+%EC%A0%95%EC%B1%85+OR+%EB%B0%A9%EC%B9%A8+OR+%EC%8B%9C%EC%B1%85+OR+%EC%84%B8%EA%B8%88+OR+%EC%84%B8+OR+%EA%B7%9C%EC%A0%9C+OR+%ED%86%B5%EC%A0%9C+OR+%EA%B7%9C%EC%A0%95+OR+%ED%95%9C%EA%B5%AD%EC%9D%80%ED%96%89+OR+%ED%95%9C%EC%9D%80+OR+%EC%A4%91%EC%95%99%EC%9D%80%ED%96%89+OR+%EC%A0%81%EC%9E%90+OR+%EB%B6%80%EC%A1%B1+OR+WTO+OR+%EC%84%B8%EA%B3%84%EB%AC%B4%EC%97%AD%EA%B8%B0%EA%B5%AC+OR+%EB%B2%95+OR+%EB%B2%95%EC%95%88+OR+%EA%B8%B0%ED%9A%8D%EC%9E%AC%EC%A0%95%EB%B6%80+OR+%EA%B8%B0%EC%9E%AC%EB%B6%80%29,22
